{
  "type": "FeatureCollection",
  "features": [
    {
      "type": "Feature",
      "geometry": {
        "type": "Polygon",
        "coordinates": [
          [
            [
              116.40848719662908,
              39.92221673428821
            ],
            [
              116.41103690170395,
              39.92222211953034
            ],
            [
              116.41102987896376,
              39.92354044416772
            ],
            [
              116.40846378749512,
              39.92352249336062
            ],
            [
              116.40848719662908,
              39.92221673428821
            ]
          ]
        ]
      },
      "properties": {
        "id": "BJ-110101-0001",
        "landUseType": "residential",
        "areaM2": 31752,
        "districtCode": "110101",
        "builtYear": 2004
      }
    },
    {
      "type": "Feature",
      "geometry": {
        "type": "Polygon",
        "coordinates": [
          [
            [
              116.4112423359708,
              39.92230541625218
            ],
            [
              116.41278441050603,
              39.922320188382066
            ],
            [
              116.41276514659408,
              39.92355703700387
            ],
            [
              116.41117812293098,
              39.92350779657091
            ],
            [
              116.4112423359708,
              39.92230541625218
            ]
          ]
        ]
      },
      "properties": {
        "id": "BJ-110101-0002",
        "landUseType": "residential",
        "areaM2": 17998,
        "districtCode": "110101",
        "builtYear": 2013
      }
    },
    {
      "type": "Feature",
      "geometry": {
        "type": "Polygon",
        "coordinates": [
          [
            [
              116.41343727919555,
              39.92222335277982
            ],
            [
              116.41555636973156,
              39.92225691697294
            ],
            [
              116.41551259962759,
              39.92367210434911
            ],
            [
              116.413291378849,
              39.92356022370535
            ],
            [
              116.41343727919555,
              39.92222335277982
            ]
          ]
        ]
      },
      "properties": {
        "id": "BJ-110101-0003",
        "landUseType": "commercial",
        "areaM2": 30755,
        "districtCode": "110101",
        "builtYear": 2017
      }
    },
    {
      "type": "Feature",
      "geometry": {
        "type": "Polygon",
        "coordinates": [
          [
            [
              116.41582291705053,
              39.921898797763994
            ],
            [
              116.41807232319354,
              39.92195365988641
            ],
            [
              116.41800077906933,
              39.92381644939129
            ],
            [
              116.4155844366365,
              39.92363357564989
            ],
            [
              116.41582291705053,
              39.921898797763994
            ]
          ]
        ]
      },
      "properties": {
        "id": "BJ-110101-0004",
        "landUseType": "residential",
        "areaM2": 43446,
        "districtCode": "110101",
        "builtYear": 2008
      }
    },
    {
      "type": "Feature",
      "geometry": {
        "type": "Polygon",
        "coordinates": [
          [
            [
              116.41829822782884,
              39.92228721519178
            ],
            [
              116.4204046377891,
              39.92231998722563
            ],
            [
              116.42036190071738,
              39.92348557416324
            ],
            [
              116.41815577092311,
              39.9233763340504
            ],
            [
              116.41829822782884,
              39.92228721519178
            ]
          ]
        ]
      },
      "properties": {
        "id": "BJ-110101-0005",
        "landUseType": "residential",
        "areaM2": 24445,
        "districtCode": "110101",
        "builtYear": 2016
      }
    },
    {
      "type": "Feature",
      "geometry": {
        "type": "Polygon",
        "coordinates": [
          [
            [
              116.42060778999685,
              39.922245590613755
            ],
            [
              116.42270064394859,
              39.92224908940867
            ],
            [
              116.42269608127023,
              39.92338479096666
            ],
            [
              116.420592581069,
              39.923373128316925
            ],
            [
              116.42060778999685,
              39.922245590613755
            ]
          ]
        ]
      },
      "properties": {
        "id": "BJ-110101-0006",
        "landUseType": "commercial",
        "areaM2": 22296,
        "districtCode": "110101",
        "builtYear": 2013
      }
    },
    {
      "type": "Feature",
      "geometry": {
        "type": "Polygon",
        "coordinates": [
          [
            [
              116.42308027849877,
              39.92208365148595
            ],
            [
              116.42475023776457,
              39.92210792159556
            ],
            [
              116.424718587809,
              39.92374535149963
            ],
            [
              116.42297477864686,
              39.923664451134236
            ],
            [
              116.42308027849877,
              39.92208365148595
            ]
          ]
        ]
      },
      "properties": {
        "id": "BJ-110101-0007",
        "landUseType": "residential",
        "areaM2": 26698,
        "districtCode": "110101",
        "builtYear": 2018
      }
    },
    {
      "type": "Feature",
      "geometry": {
        "type": "Polygon",
        "coordinates": [
          [
            [
              116.42517067440816,
              39.922056507966104
            ],
            [
              116.42750237461405,
              39.92208097227874
            ],
            [
              116.42747047140386,
              39.92370769783778
            ],
            [
              116.42506433037424,
              39.923626150128975
            ],
            [
              116.42517067440816,
              39.922056507966104
            ]
          ]
        ]
      },
      "properties": {
        "id": "BJ-110101-0008",
        "landUseType": "residential",
        "areaM2": 36666,
        "districtCode": "110101",
        "builtYear": 1995
      }
    },
    {
      "type": "Feature",
      "geometry": {
        "type": "Polygon",
        "coordinates": [
          [
            [
              116.40861002014516,
              39.923882644719505
            ],
            [
              116.4106750824381,
              39.923904993960626
            ],
            [
              116.41064593743218,
              39.92556437831166
            ],
            [
              116.40851287012542,
              39.92548988084125
            ],
            [
              116.40861002014516,
              39.923882644719505
            ]
          ]
        ]
      },
      "properties": {
        "id": "BJ-110101-0009",
        "landUseType": "other",
        "areaM2": 32808,
        "districtCode": "110101",
        "builtYear": 2016
      }
    },
    {
      "type": "Feature",
      "geometry": {
        "type": "Polygon",
        "coordinates": [
          [
            [
              116.41123962289483,
              39.92405456535419
            ],
            [
              116.41307550876583,
              39.924074780752946
            ],
            [
              116.41304914644269,
              39.9252056449339
            ],
            [
              116.41115174848436,
              39.92513826027138
            ],
            [
              116.41123962289483,
              39.92405456535419
            ]
          ]
        ]
      },
      "properties": {
        "id": "BJ-110101-0010",
        "landUseType": "green",
        "areaM2": 20264,
        "districtCode": "110101",
        "builtYear": 2007
      }
    },
    {
      "type": "Feature",
      "geometry": {
        "type": "Polygon",
        "coordinates": [
          [
            [
              116.41365778422747,
              39.923842192526934
            ],
            [
              116.41517826581416,
              39.923875962755936
            ],
            [
              116.4151342270247,
              39.92561438623553
            ],
            [
              116.41351098826262,
              39.92550181880553
            ],
            [
              116.41365778422747,
              39.923842192526934
            ]
          ]
        ]
      },
      "properties": {
        "id": "BJ-110101-0011",
        "landUseType": "commercial",
        "areaM2": 27004,
        "districtCode": "110101",
        "builtYear": 2019
      }
    },
    {
      "type": "Feature",
      "geometry": {
        "type": "Polygon",
        "coordinates": [
          [
            [
              116.41602854846289,
              39.923796826632795
            ],
            [
              116.41757651289666,
              39.92380738154516
            ],
            [
              116.41756274853743,
              39.92540254422966
            ],
            [
              116.41598266726544,
              39.92536736118844
            ],
            [
              116.41602854846289,
              39.923796826632795
            ]
          ]
        ]
      },
      "properties": {
        "id": "BJ-110101-0012",
        "landUseType": "green",
        "areaM2": 23578,
        "districtCode": "110101",
        "builtYear": 2002
      }
    },
    {
      "type": "Feature",
      "geometry": {
        "type": "Polygon",
        "coordinates": [
          [
            [
              116.41806248042886,
              39.92403918012107
            ],
            [
              116.42036439532609,
              39.92407005770205
            ],
            [
              116.42032412875615,
              39.92531272009143
            ],
            [
              116.41792825852905,
              39.92520979482147
            ],
            [
              116.41806248042886,
              39.92403918012107
            ]
          ]
        ]
      },
      "properties": {
        "id": "BJ-110101-0013",
        "landUseType": "commercial",
        "areaM2": 29138,
        "districtCode": "110101",
        "builtYear": 2024
      }
    },
    {
      "type": "Feature",
      "geometry": {
        "type": "Polygon",
        "coordinates": [
          [
            [
              116.42071954044965,
              39.923804595999044
            ],
            [
              116.4224709708092,
              39.923809440129574
            ],
            [
              116.42246465371717,
              39.9255256137008
            ],
            [
              116.4206984834762,
              39.92550946659901
            ],
            [
              116.42071954044965,
              39.923804595999044
            ]
          ]
        ]
      },
      "properties": {
        "id": "BJ-110101-0014",
        "landUseType": "residential",
        "areaM2": 27686,
        "districtCode": "110101",
        "builtYear": 2011
      }
    },
    {
      "type": "Feature",
      "geometry": {
        "type": "Polygon",
        "coordinates": [
          [
            [
              116.42309707685857,
              39.924059243129086
            ],
            [
              116.42494438068282,
              39.924064871879956
            ],
            [
              116.42493704038985,
              39.92541053278491
            ],
            [
              116.42307260921534,
              39.925391770282
            ],
            [
              116.42309707685857,
              39.924059243129086
            ]
          ]
        ]
      },
      "properties": {
        "id": "BJ-110101-0015",
        "landUseType": "green",
        "areaM2": 23043,
        "districtCode": "110101",
        "builtYear": 2002
      }
    },
    {
      "type": "Feature",
      "geometry": {
        "type": "Polygon",
        "coordinates": [
          [
            [
              116.42557246688332,
              39.923781866666516
            ],
            [
              116.42700918443317,
              39.92379817113209
            ],
            [
              116.4269879222461,
              39.92559807357999
            ],
            [
              116.4255015929264,
              39.92554372536141
            ],
            [
              116.42557246688332,
              39.923781866666516
            ]
          ]
        ]
      },
      "properties": {
        "id": "BJ-110101-0016",
        "landUseType": "commercial",
        "areaM2": 25284,
        "districtCode": "110101",
        "builtYear": 2022
      }
    },
    {
      "type": "Feature",
      "geometry": {
        "type": "Polygon",
        "coordinates": [
          [
            [
              116.40862991191024,
              39.92563949830239
            ],
            [
              116.41103417602537,
              39.92567958871799
            ],
            [
              116.41098189526139,
              39.92730688630676
            ],
            [
              116.40845564269696,
              39.92717325158807
            ],
            [
              116.40862991191024,
              39.92563949830239
            ]
          ]
        ]
      },
      "properties": {
        "id": "BJ-110101-0017",
        "landUseType": "public",
        "areaM2": 38472,
        "districtCode": "110101",
        "builtYear": 2014
      }
    },
    {
      "type": "Feature",
      "geometry": {
        "type": "Polygon",
        "coordinates": [
          [
            [
              116.41122185787174,
              39.92546307663812
            ],
            [
              116.41323449978388,
              39.925505671416396
            ],
            [
              116.4131789531522,
              39.92733121969058
            ],
            [
              116.41103670243277,
              39.92718923709633
            ],
            [
              116.41122185787174,
              39.92546307663812
            ]
          ]
        ]
      },
      "properties": {
        "id": "BJ-110101-0018",
        "landUseType": "commercial",
        "areaM2": 38251,
        "districtCode": "110101",
        "builtYear": 2023
      }
    },
    {
      "type": "Feature",
      "geometry": {
        "type": "Polygon",
        "coordinates": [
          [
            [
              116.41358052102409,
              39.92581245090826
            ],
            [
              116.41533441545005,
              39.925845422693044
            ],
            [
              116.41529141788885,
              39.927121768757054
            ],
            [
              116.41343719582011,
              39.92701186280778
            ],
            [
              116.41358052102409,
              39.92581245090826
            ]
          ]
        ]
      },
      "properties": {
        "id": "BJ-110101-0019",
        "landUseType": "public",
        "areaM2": 22650,
        "districtCode": "110101",
        "builtYear": 2010
      }
    },
    {
      "type": "Feature",
      "geometry": {
        "type": "Polygon",
        "coordinates": [
          [
            [
              116.41587244850007,
              39.92587368666698
            ],
            [
              116.41775086576256,
              39.925878576433384
            ],
            [
              116.4177444891581,
              39.92701685457243
            ],
            [
              116.41585119315185,
              39.927000555351086
            ],
            [
              116.41587244850007,
              39.92587368666698
            ]
          ]
        ]
      },
      "properties": {
        "id": "BJ-110101-0020",
        "landUseType": "other",
        "areaM2": 20353,
        "districtCode": "110101",
        "builtYear": 2001
      }
    },
    {
      "type": "Feature",
      "geometry": {
        "type": "Polygon",
        "coordinates": [
          [
            [
              116.4184116751865,
              39.925765940201245
            ],
            [
              116.41994073442746,
              39.92578476979597
            ],
            [
              116.41991617929172,
              39.92724285671007
            ],
            [
              116.418329824734,
              39.927180091394334
            ],
            [
              116.4184116751865,
              39.925765940201245
            ]
          ]
        ]
      },
      "properties": {
        "id": "BJ-110101-0021",
        "landUseType": "commercial",
        "areaM2": 21922,
        "districtCode": "110101",
        "builtYear": 2014
      }
    },
    {
      "type": "Feature",
      "geometry": {
        "type": "Polygon",
        "coordinates": [
          [
            [
              116.42094437071613,
              39.925766084245524
            ],
            [
              116.42237604525332,
              39.92578931413097
            ],
            [
              116.42234575182434,
              39.926989754669115
            ],
            [
              116.42084339261953,
              39.92691232171765
            ],
            [
              116.42094437071613,
              39.925766084245524
            ]
          ]
        ]
      },
      "properties": {
        "id": "BJ-110101-0022",
        "landUseType": "residential",
        "areaM2": 17164,
        "districtCode": "110101",
        "builtYear": 2014
      }
    },
    {
      "type": "Feature",
      "geometry": {
        "type": "Polygon",
        "coordinates": [
          [
            [
              116.42294113980394,
              39.9255108170134
            ],
            [
              116.42508067444989,
              39.92552001088699
            ],
            [
              116.42506868498236,
              39.92735634890804
            ],
            [
              116.42290117491221,
              39.92732570266272
            ],
            [
              116.42294113980394,
              39.9255108170134
            ]
          ]
        ]
      },
      "properties": {
        "id": "BJ-110101-0023",
        "landUseType": "other",
        "areaM2": 36565,
        "districtCode": "110101",
        "builtYear": 1995
      }
    },
    {
      "type": "Feature",
      "geometry": {
        "type": "Polygon",
        "coordinates": [
          [
            [
              116.42556680986023,
              39.92548984466655
            ],
            [
              116.4272707641635,
              39.92552821571451
            ],
            [
              116.42722072557767,
              39.92745267865967
            ],
            [
              116.42540001457415,
              39.92732477516648
            ],
            [
              116.42556680986023,
              39.92548984466655
            ]
          ]
        ]
      },
      "properties": {
        "id": "BJ-110101-0024",
        "landUseType": "residential",
        "areaM2": 34233,
        "districtCode": "110101",
        "builtYear": 2020
      }
    },
    {
      "type": "Feature",
      "geometry": {
        "type": "Polygon",
        "coordinates": [
          [
            [
              116.40878500446314,
              39.92756567849217
            ],
            [
              116.41073557999847,
              39.92758344350398
            ],
            [
              116.41071241315484,
              39.928811888088546
            ],
            [
              116.40870778165105,
              39.92875267138253
            ],
            [
              116.40878500446314,
              39.92756567849217
            ]
          ]
        ]
      },
      "properties": {
        "id": "BJ-110101-0025",
        "landUseType": "green",
        "areaM2": 23022,
        "districtCode": "110101",
        "builtYear": 2006
      }
    },
    {
      "type": "Feature",
      "geometry": {
        "type": "Polygon",
        "coordinates": [
          [
            [
              116.41122742872162,
              39.927328836560555
            ],
            [
              116.412805639383,
              39.927338608849496
            ],
            [
              116.41279289562058,
              39.92905250977436
            ],
            [
              116.41118494951357,
              39.92901993547789
            ],
            [
              116.41122742872162,
              39.927328836560555
            ]
          ]
        ]
      },
      "properties": {
        "id": "BJ-110101-0026",
        "landUseType": "transportation",
        "areaM2": 26215,
        "districtCode": "110101",
        "builtYear": 2006
      }
    },
    {
      "type": "Feature",
      "geometry": {
        "type": "Polygon",
        "coordinates": [
          [
            [
              116.41369533684444,
              39.927619034884195
            ],
            [
              116.41542481468865,
              39.927645379267744
            ],
            [
              116.41539045973178,
              39.928876167880134
            ],
            [
              116.41358082032157,
              39.9287883532683
            ],
            [
              116.41369533684444,
              39.927619034884195
            ]
          ]
        ]
      },
      "properties": {
        "id": "BJ-110101-0027",
        "landUseType": "commercial",
        "areaM2": 21563,
        "districtCode": "110101",
        "builtYear": 2021
      }
    },
    {
      "type": "Feature",
      "geometry": {
        "type": "Polygon",
        "coordinates": [
          [
            [
              116.41594924405163,
              39.927354601140664
            ],
            [
              116.41768700016344,
              39.927371431158676
            ],
            [
              116.41766505261846,
              39.92902358630531
            ],
            [
              116.41587608556837,
              39.92896748624526
            ],
            [
              116.41594924405163,
              39.927354601140664
            ]
          ]
        ]
      },
      "properties": {
        "id": "BJ-110101-0028",
        "landUseType": "green",
        "areaM2": 27398,
        "districtCode": "110101",
        "builtYear": 2015
      }
    },
    {
      "type": "Feature",
      "geometry": {
        "type": "Polygon",
        "coordinates": [
          [
            [
              116.41847838957538,
              39.92749487604594
            ],
            [
              116.4199858458034,
              39.9274979029487
            ],
            [
              116.4199818985061,
              39.928891699153304
            ],
            [
              116.41846523191774,
              39.928881609477415
            ],
            [
              116.41847838957538,
              39.92749487604594
            ]
          ]
        ]
      },
      "properties": {
        "id": "BJ-110101-0029",
        "landUseType": "residential",
        "areaM2": 19844,
        "districtCode": "110101",
        "builtYear": null
      }
    },
    {
      "type": "Feature",
      "geometry": {
        "type": "Polygon",
        "coordinates": [
          [
            [
              116.42077325426915,
              39.927397584437905
            ],
            [
              116.42252485759319,
              39.927399255544906
            ],
            [
              116.42252267835036,
              39.929107541371145
            ],
            [
              116.42076599012637,
              39.92910197101446
            ],
            [
              116.42077325426915,
              39.927397584437905
            ]
          ]
        ]
      },
      "properties": {
        "id": "BJ-110101-0030",
        "landUseType": "residential",
        "areaM2": 28163,
        "districtCode": "110101",
        "builtYear": null
      }
    },
    {
      "type": "Feature",
      "geometry": {
        "type": "Polygon",
        "coordinates": [
          [
            [
              116.42335162917642,
              39.927211639631246
            ],
            [
              116.42471967501295,
              39.92724610565979
            ],
            [
              116.42467472885123,
              39.92911563357244
            ],
            [
              116.42320180863732,
              39.92900074681062
            ],
            [
              116.42335162917642,
              39.927211639631246
            ]
          ]
        ]
      },
      "properties": {
        "id": "BJ-110101-0031",
        "landUseType": "commercial",
        "areaM2": 27018,
        "districtCode": "110101",
        "builtYear": 2015
      }
    },
    {
      "type": "Feature",
      "geometry": {
        "type": "Polygon",
        "coordinates": [
          [
            [
              116.42548863110117,
              39.927488204005556
            ],
            [
              116.4273315007272,
              39.92751668240267
            ],
            [
              116.4272943628643,
              39.92895652667325
            ],
            [
              116.42536483822487,
              39.92886159868287
            ],
            [
              116.42548863110117,
              39.927488204005556
            ]
          ]
        ]
      },
      "properties": {
        "id": "BJ-110101-0032",
        "landUseType": "public",
        "areaM2": 25898,
        "districtCode": "110101",
        "builtYear": 2020
      }
    },
    {
      "type": "Feature",
      "geometry": {
        "type": "Polygon",
        "coordinates": [
          [
            [
              116.40873522319966,
              39.929273272015976
            ],
            [
              116.41063630986228,
              39.929309154577496
            ],
            [
              116.41058951644044,
              39.93070686794201
            ],
            [
              116.40857924512682,
              39.930587259403616
            ],
            [
              116.40873522319966,
              39.929273272015976
            ]
          ]
        ]
      },
      "properties": {
        "id": "BJ-110101-0033",
        "landUseType": "commercial",
        "areaM2": 27432,
        "districtCode": "110101",
        "builtYear": 2000
      }
    },
    {
      "type": "Feature",
      "geometry": {
        "type": "Polygon",
        "coordinates": [
          [
            [
              116.41140862190603,
              39.929390048606535
            ],
            [
              116.41279437882648,
              39.92941387156342
            ],
            [
              116.41276331198998,
              39.93051942543979
            ],
            [
              116.41130506578439,
              39.93044001558349
            ],
            [
              116.41140862190603,
              39.929390048606535
            ]
          ]
        ]
      },
      "properties": {
        "id": "BJ-110101-0034",
        "landUseType": "commercial",
        "areaM2": 15627,
        "districtCode": "110101",
        "builtYear": 2014
      }
    },
    {
      "type": "Feature",
      "geometry": {
        "type": "Polygon",
        "coordinates": [
          [
            [
              116.41369603710608,
              39.92934094111025
            ],
            [
              116.41535259126162,
              39.9293618909231
            ],
            [
              116.41532527121007,
              39.930776738922646
            ],
            [
              116.41360497026758,
              39.93070690621315
            ],
            [
              116.41369603710608,
              39.92934094111025
            ]
          ]
        ]
      },
      "properties": {
        "id": "BJ-110101-0035",
        "landUseType": "residential",
        "areaM2": 22916,
        "districtCode": "110101",
        "builtYear": 2017
      }
    },
    {
      "type": "Feature",
      "geometry": {
        "type": "Polygon",
        "coordinates": [
          [
            [
              116.41590418071422,
              39.92944607336822
            ],
            [
              116.41797220642944,
              39.92947999193227
            ],
            [
              116.4179279742005,
              39.93063898457502
            ],
            [
              116.41575673995108,
              39.93052592269486
            ],
            [
              116.41590418071422,
              39.92944607336822
            ]
          ]
        ]
      },
      "properties": {
        "id": "BJ-110101-0036",
        "landUseType": "residential",
        "areaM2": 24530,
        "districtCode": "110101",
        "builtYear": 1999
      }
    },
    {
      "type": "Feature",
      "geometry": {
        "type": "Polygon",
        "coordinates": [
          [
            [
              116.4184898962902,
              39.92940920834427
            ],
            [
              116.4199323928342,
              39.92942344926022
            ],
            [
              116.41991382166314,
              39.93066103472817
            ],
            [
              116.41842799238668,
              39.93061356500832
            ],
            [
              116.4184898962902,
              39.92940920834427
            ]
          ]
        ]
      },
      "properties": {
        "id": "BJ-110101-0037",
        "landUseType": "commercial",
        "areaM2": 17244,
        "districtCode": "110101",
        "builtYear": 2013
      }
    },
    {
      "type": "Feature",
      "geometry": {
        "type": "Polygon",
        "coordinates": [
          [
            [
              116.42053564319835,
              39.929364210966504
            ],
            [
              116.42277162225358,
              39.929372074796085
            ],
            [
              116.4227613672584,
              39.930776647838336
            ],
            [
              116.42050145988111,
              39.93075043507306
            ],
            [
              116.42053564319835,
              39.929364210966504
            ]
          ]
        ]
      },
      "properties": {
        "id": "BJ-110101-0038",
        "landUseType": "residential",
        "areaM2": 28852,
        "districtCode": "110101",
        "builtYear": 2014
      }
    },
    {
      "type": "Feature",
      "geometry": {
        "type": "Polygon",
        "coordinates": [
          [
            [
              116.42311600077468,
              39.929119489671876
            ],
            [
              116.42495096242763,
              39.9291484176423
            ],
            [
              116.42491323828905,
              39.9307483191064
            ],
            [
              116.42299025364608,
              39.93065189253833
            ],
            [
              116.42311600077468,
              39.929119489671876
            ]
          ]
        ]
      },
      "properties": {
        "id": "BJ-110101-0039",
        "landUseType": "residential",
        "areaM2": 29086,
        "districtCode": "110101",
        "builtYear": 2017
      }
    },
    {
      "type": "Feature",
      "geometry": {
        "type": "Polygon",
        "coordinates": [
          [
            [
              116.42571658067604,
              39.92902924841969
            ],
            [
              116.42717271589368,
              39.929044815381516
            ],
            [
              116.42715241546412,
              39.930934408140644
            ],
            [
              116.42564891257754,
              39.93088251826787
            ],
            [
              116.42571658067604,
              39.92902924841969
            ]
          ]
        ]
      },
      "properties": {
        "id": "BJ-110101-0040",
        "landUseType": "residential",
        "areaM2": 26987,
        "districtCode": "110101",
        "builtYear": 2001
      }
    },
    {
      "type": "Feature",
      "geometry": {
        "type": "Polygon",
        "coordinates": [
          [
            [
              116.4090868110032,
              39.9307539351574
            ],
            [
              116.41061517752927,
              39.93079260761818
            ],
            [
              116.4105647458796,
              39.9327245888416
            ],
            [
              116.40891870550433,
              39.932595680639004
            ],
            [
              116.4090868110032,
              39.9307539351574
            ]
          ]
        ]
      },
      "properties": {
        "id": "BJ-110101-0041",
        "landUseType": "residential",
        "areaM2": 30284,
        "districtCode": "110101",
        "builtYear": null
      }
    },
    {
      "type": "Feature",
      "geometry": {
        "type": "Polygon",
        "coordinates": [
          [
            [
              116.41115605514963,
              39.931289160481455
            ],
            [
              116.41305273059481,
              39.931298508768066
            ],
            [
              116.41304053976171,
              39.93238996892694
            ],
            [
              116.41111541903928,
              39.932358807971575
            ],
            [
              116.41115605514963,
              39.931289160481455
            ]
          ]
        ]
      },
      "properties": {
        "id": "BJ-110101-0042",
        "landUseType": "residential",
        "areaM2": 19494,
        "districtCode": "110101",
        "builtYear": 2004
      }
    },
    {
      "type": "Feature",
      "geometry": {
        "type": "Polygon",
        "coordinates": [
          [
            [
              116.41374606102369,
              39.93115784479283
            ],
            [
              116.4152583896153,
              39.93119629775696
            ],
            [
              116.41520824420493,
              39.93247786969489
            ],
            [
              116.4135789096558,
              39.932349693147785
            ],
            [
              116.41374606102369,
              39.93115784479283
            ]
          ]
        ]
      },
      "properties": {
        "id": "BJ-110101-0043",
        "landUseType": "green",
        "areaM2": 20562,
        "districtCode": "110101",
        "builtYear": 1999
      }
    },
    {
      "type": "Feature",
      "geometry": {
        "type": "Polygon",
        "coordinates": [
          [
            [
              116.41625599233585,
              39.93086542527126
            ],
            [
              116.41767691869453,
              39.93089642947182
            ],
            [
              116.41763648700362,
              39.93279620382165
            ],
            [
              116.41612122003285,
              39.932692856486455
            ],
            [
              116.41625599233585,
              39.93086542527126
            ]
          ]
        ]
      },
      "properties": {
        "id": "BJ-110101-0044",
        "landUseType": "public",
        "areaM2": 27105,
        "districtCode": "110101",
        "builtYear": 1999
      }
    },
    {
      "type": "Feature",
      "geometry": {
        "type": "Polygon",
        "coordinates": [
          [
            [
              116.4183036636645,
              39.93109631031011
            ],
            [
              116.4200344127569,
              39.93111473130406
            ],
            [
              116.42001039046573,
              39.93242551565132
            ],
            [
              116.41822358936057,
              39.93236411233813
            ],
            [
              116.4183036636645,
              39.93109631031011
            ]
          ]
        ]
      },
      "properties": {
        "id": "BJ-110101-0045",
        "landUseType": "residential",
        "areaM2": 22593,
        "districtCode": "110101",
        "builtYear": 2022
      }
    },
    {
      "type": "Feature",
      "geometry": {
        "type": "Polygon",
        "coordinates": [
          [
            [
              116.42056941285132,
              39.93078407235663
            ],
            [
              116.42250724244754,
              39.9307861616427
            ],
            [
              116.42250451786934,
              39.932634520145136
            ],
            [
              116.42056033092402,
              39.93262755585823
            ],
            [
              116.42056941285132,
              39.93078407235663
            ]
          ]
        ]
      },
      "properties": {
        "id": "BJ-110101-0046",
        "landUseType": "transportation",
        "areaM2": 32683,
        "districtCode": "110101",
        "builtYear": 2014
      }
    },
    {
      "type": "Feature",
      "geometry": {
        "type": "Polygon",
        "coordinates": [
          [
            [
              116.42279339590297,
              39.93107995061123
            ],
            [
              116.42512162092916,
              39.931109415582085
            ],
            [
              116.42508319650366,
              39.93257555152513
            ],
            [
              116.42266531448466,
              39.932477334955585
            ],
            [
              116.42279339590297,
              39.93107995061123
            ]
          ]
        ]
      },
      "properties": {
        "id": "BJ-110101-0047",
        "landUseType": "residential",
        "areaM2": 34215,
        "districtCode": "110101",
        "builtYear": 1994
      }
    },
    {
      "type": "Feature",
      "geometry": {
        "type": "Polygon",
        "coordinates": [
          [
            [
              116.42528486527827,
              39.93093949282692
            ],
            [
              116.42736210521834,
              39.93097581888202
            ],
            [
              116.42731473344918,
              39.932703882849786
            ],
            [
              116.42512695938112,
              39.93258279599946
            ],
            [
              116.42528486527827,
              39.93093949282692
            ]
          ]
        ]
      },
      "properties": {
        "id": "BJ-110101-0048",
        "landUseType": "other",
        "areaM2": 36761,
        "districtCode": "110101",
        "builtYear": 2003
      }
    },
    {
      "type": "Feature",
      "geometry": {
        "type": "Polygon",
        "coordinates": [
          [
            [
              116.40856414662375,
              39.932966528863325
            ],
            [
              116.41079098415126,
              39.932989569252435
            ],
            [
              116.41076093783903,
              39.934235576973656
            ],
            [
              116.40846399224964,
              39.934158775676636
            ],
            [
              116.40856414662375,
              39.932966528863325
            ]
          ]
        ]
      },
      "properties": {
        "id": "BJ-110101-0049",
        "landUseType": "residential",
        "areaM2": 26620,
        "districtCode": "110101",
        "builtYear": 2007
      }
    },
    {
      "type": "Feature",
      "geometry": {
        "type": "Polygon",
        "coordinates": [
          [
            [
              116.41120570656112,
              39.93268853845632
            ],
            [
              116.41294915523167,
              39.93269339045127
            ],
            [
              116.41294282788388,
              39.93443924234407
            ],
            [
              116.41118461540181,
              39.93442306902757
            ],
            [
              116.41120570656112,
              39.93268853845632
            ]
          ]
        ]
      },
      "properties": {
        "id": "BJ-110101-0050",
        "landUseType": "public",
        "areaM2": 28181,
        "districtCode": "110101",
        "builtYear": 2024
      }
    },
    {
      "type": "Feature",
      "geometry": {
        "type": "Polygon",
        "coordinates": [
          [
            [
              116.41371960158592,
              39.932959617421645
            ],
            [
              116.41523973076325,
              39.9329816843452
            ],
            [
              116.41521095391958,
              39.93411379277551
            ],
            [
              116.41362367877372,
              39.93404023636366
            ],
            [
              116.41371960158592,
              39.932959617421645
            ]
          ]
        ]
      },
      "properties": {
        "id": "BJ-110101-0051",
        "landUseType": "green",
        "areaM2": 17504,
        "districtCode": "110101",
        "builtYear": 2004
      }
    },
    {
      "type": "Feature",
      "geometry": {
        "type": "Polygon",
        "coordinates": [
          [
            [
              116.41606338825063,
              39.93303398577295
            ],
            [
              116.41764126097445,
              39.933040390747976
            ],
            [
              116.41763290842977,
              39.93422314562469
            ],
            [
              116.41603554643501,
              39.93420179570793
            ],
            [
              116.41606338825063,
              39.93303398577295
            ]
          ]
        ]
      },
      "properties": {
        "id": "BJ-110101-0052",
        "landUseType": "industrial",
        "areaM2": 17371,
        "districtCode": "110101",
        "builtYear": 2009
      }
    },
    {
      "type": "Feature",
      "geometry": {
        "type": "Polygon",
        "coordinates": [
          [
            [
              116.41844577097785,
              39.932646186821835
            ],
            [
              116.42011689652695,
              39.93266115003451
            ],
            [
              116.42009738342941,
              39.93454849851153
            ],
            [
              116.41838072731936,
              39.93449862113594
            ],
            [
              116.41844577097785,
              39.932646186821835
            ]
          ]
        ]
      },
      "properties": {
        "id": "BJ-110101-0053",
        "landUseType": "public",
        "areaM2": 30764,
        "districtCode": "110101",
        "builtYear": 2019
      }
    },
    {
      "type": "Feature",
      "geometry": {
        "type": "Polygon",
        "coordinates": [
          [
            [
              116.42091843902433,
              39.93274206859548
            ],
            [
              116.42238233465838,
              39.93276873551413
            ],
            [
              116.42234755909273,
              39.934480784916104
            ],
            [
              116.42080252047217,
              39.934391895187275
            ],
            [
              116.42091843902433,
              39.93274206859548
            ]
          ]
        ]
      },
      "properties": {
        "id": "BJ-110101-0054",
        "landUseType": "commercial",
        "areaM2": 24915,
        "districtCode": "110101",
        "builtYear": 2023
      }
    },
    {
      "type": "Feature",
      "geometry": {
        "type": "Polygon",
        "coordinates": [
          [
            [
              116.42314484290837,
              39.932867542914636
            ],
            [
              116.42484911111941,
              39.93290632745327
            ],
            [
              116.42479853331224,
              39.934297619372465
            ],
            [
              116.42297625021777,
              39.93416833757704
            ],
            [
              116.42314484290837,
              39.932867542914636
            ]
          ]
        ]
      },
      "properties": {
        "id": "BJ-110101-0055",
        "landUseType": "commercial",
        "areaM2": 24327,
        "districtCode": "110101",
        "builtYear": 2001
      }
    },
    {
      "type": "Feature",
      "geometry": {
        "type": "Polygon",
        "coordinates": [
          [
            [
              116.42531783195803,
              39.93259312368584
            ],
            [
              116.42756797135675,
              39.93261515824774
            ],
            [
              116.42753923671499,
              39.93453860620935
            ],
            [
              116.42522204981884,
              39.93446515766967
            ],
            [
              116.42531783195803,
              39.93259312368584
            ]
          ]
        ]
      },
      "properties": {
        "id": "BJ-110101-0056",
        "landUseType": "other",
        "areaM2": 42633,
        "districtCode": "110101",
        "builtYear": 1992
      }
    },
    {
      "type": "Feature",
      "geometry": {
        "type": "Polygon",
        "coordinates": [
          [
            [
              116.40848077209976,
              39.93484129359184
            ],
            [
              116.41082314261243,
              39.93485917887668
            ],
            [
              116.41079981892418,
              39.93597371834366
            ],
            [
              116.40840302647226,
              39.93591410072753
            ],
            [
              116.40848077209976,
              39.93484129359184
            ]
          ]
        ]
      },
      "properties": {
        "id": "BJ-110101-0057",
        "landUseType": "residential",
        "areaM2": 24562,
        "districtCode": "110101",
        "builtYear": 2023
      }
    },
    {
      "type": "Feature",
      "geometry": {
        "type": "Polygon",
        "coordinates": [
          [
            [
              116.41105160873053,
              39.934515762241716
            ],
            [
              116.4131179920245,
              39.934543253399426
            ],
            [
              116.41308214159227,
              39.93613184414208
            ],
            [
              116.41093210728978,
              39.93604020694974
            ],
            [
              116.41105160873053,
              39.934515762241716
            ]
          ]
        ]
      },
      "properties": {
        "id": "BJ-110101-0058",
        "landUseType": "green",
        "areaM2": 31935,
        "districtCode": "110101",
        "builtYear": 2010
      }
    },
    {
      "type": "Feature",
      "geometry": {
        "type": "Polygon",
        "coordinates": [
          [
            [
              116.41315499928744,
              39.93442745494723
            ],
            [
              116.41563761409638,
              39.9344470938415
            ],
            [
              116.41561200357624,
              39.93616175232408
            ],
            [
              116.41306963088701,
              39.936096289343205
            ],
            [
              116.41315499928744,
              39.93442745494723
            ]
          ]
        ]
      },
      "properties": {
        "id": "BJ-110101-0059",
        "landUseType": "public",
        "areaM2": 41568,
        "districtCode": "110101",
        "builtYear": 2024
      }
    },
    {
      "type": "Feature",
      "geometry": {
        "type": "Polygon",
        "coordinates": [
          [
            [
              116.41580023626645,
              39.93477570194499
            ],
            [
              116.41799434919707,
              39.93481288399715
            ],
            [
              116.41794586114666,
              39.93602683243533
            ],
            [
              116.41563860943174,
              39.93590289226149
            ],
            [
              116.41580023626645,
              39.93477570194499
            ]
          ]
        ]
      },
      "properties": {
        "id": "BJ-110101-0060",
        "landUseType": "residential",
        "areaM2": 26623,
        "districtCode": "110101",
        "builtYear": 2004
      }
    },
    {
      "type": "Feature",
      "geometry": {
        "type": "Polygon",
        "coordinates": [
          [
            [
              116.41823242453877,
              39.934425470775714
            ],
            [
              116.42008193880852,
              39.93442923804947
            ],
            [
              116.4200770260146,
              39.936279027073915
            ],
            [
              116.41821604855903,
              39.93626646949473
            ],
            [
              116.41823242453877,
              39.934425470775714
            ]
          ]
        ]
      },
      "properties": {
        "id": "BJ-110101-0061",
        "landUseType": "residential",
        "areaM2": 31588,
        "districtCode": "110101",
        "builtYear": 1999
      }
    },
    {
      "type": "Feature",
      "geometry": {
        "type": "Polygon",
        "coordinates": [
          [
            [
              116.42077758490704,
              39.934328105158585
            ],
            [
              116.42228200959416,
              39.93432894752833
            ],
            [
              116.42228091108386,
              39.936225923266555
            ],
            [
              116.42077392320608,
              39.93622311536739
            ],
            [
              116.42077758490704,
              39.934328105158585
            ]
          ]
        ]
      },
      "properties": {
        "id": "BJ-110101-0062",
        "landUseType": "commercial",
        "areaM2": 25893,
        "districtCode": "110101",
        "builtYear": 2007
      }
    },
    {
      "type": "Feature",
      "geometry": {
        "type": "Polygon",
        "coordinates": [
          [
            [
              116.42286584865494,
              39.934462057471656
            ],
            [
              116.4251904903718,
              39.93447577967751
            ],
            [
              116.42517259563574,
              39.93606921296701
            ],
            [
              116.42280619953473,
              39.936023472280816
            ],
            [
              116.42286584865494,
              39.934462057471656
            ]
          ]
        ]
      },
      "properties": {
        "id": "BJ-110101-0063",
        "landUseType": "residential",
        "areaM2": 35394,
        "districtCode": "110101",
        "builtYear": 2020
      }
    },
    {
      "type": "Feature",
      "geometry": {
        "type": "Polygon",
        "coordinates": [
          [
            [
              116.42500130465118,
              39.93466605937411
            ],
            [
              116.4274928081531,
              39.934673782788714
            ],
            [
              116.42748273626908,
              39.936086166069764
            ],
            [
              116.42496773170444,
              39.93606042135439
            ],
            [
              116.42500130465118,
              39.93466605937411
            ]
          ]
        ]
      },
      "properties": {
        "id": "BJ-110101-0064",
        "landUseType": "public",
        "areaM2": 32155,
        "districtCode": "110101",
        "builtYear": 2012
      }
    },
    {
      "type": "Feature",
      "geometry": {
        "type": "Polygon",
        "coordinates": [
          [
            [
              116.40850792436953,
              39.93644608298293
            ],
            [
              116.41094959190853,
              39.9364755792552
            ],
            [
              116.41091112666378,
              39.93781251853156
            ],
            [
              116.40837970688699,
              39.93771419762399
            ],
            [
              116.40850792436953,
              39.93644608298293
            ]
          ]
        ]
      },
      "properties": {
        "id": "BJ-110101-0065",
        "landUseType": "commercial",
        "areaM2": 32764,
        "districtCode": "110101",
        "builtYear": 2019
      }
    },
    {
      "type": "Feature",
      "geometry": {
        "type": "Polygon",
        "coordinates": [
          [
            [
              116.41134256623208,
              39.93634069163508
            ],
            [
              116.41278721103973,
              39.93635428355899
            ],
            [
              116.41276948620063,
              39.937864710002046
            ],
            [
              116.41128348343507,
              39.937819403589
            ],
            [
              116.41134256623208,
              39.93634069163508
            ]
          ]
        ]
      },
      "properties": {
        "id": "BJ-110101-0066",
        "landUseType": "residential",
        "areaM2": 20595,
        "districtCode": "110101",
        "builtYear": 2023
      }
    },
    {
      "type": "Feature",
      "geometry": {
        "type": "Polygon",
        "coordinates": [
          [
            [
              116.41348581963233,
              39.93623094003553
            ],
            [
              116.41542051112725,
              39.93626755108988
            ],
            [
              116.41537276769874,
              39.93797442074365
            ],
            [
              116.41332667487063,
              39.93785238389583
            ],
            [
              116.41348581963233,
              39.93623094003553
            ]
          ]
        ]
      },
      "properties": {
        "id": "BJ-110101-0067",
        "landUseType": "commercial",
        "areaM2": 32673,
        "districtCode": "110101",
        "builtYear": 2006
      }
    },
    {
      "type": "Feature",
      "geometry": {
        "type": "Polygon",
        "coordinates": [
          [
            [
              116.41609980838757,
              39.93616757614306
            ],
            [
              116.41769071194591,
              39.93620049518981
            ],
            [
              116.41764778315888,
              39.93792544670625
            ],
            [
              116.41595671243083,
              39.937815716550446
            ],
            [
              116.41609980838757,
              39.93616757614306
            ]
          ]
        ]
      },
      "properties": {
        "id": "BJ-110101-0068",
        "landUseType": "commercial",
        "areaM2": 27609,
        "districtCode": "110101",
        "builtYear": 2017
      }
    },
    {
      "type": "Feature",
      "geometry": {
        "type": "Polygon",
        "coordinates": [
          [
            [
              116.41840559230255,
              39.936423801407045
            ],
            [
              116.4202258824148,
              39.9364443000796
            ],
            [
              116.42019915068241,
              39.93768873929705
            ],
            [
              116.41831648652789,
              39.93762041038855
            ],
            [
              116.41840559230255,
              39.936423801407045
            ]
          ]
        ]
      },
      "properties": {
        "id": "BJ-110101-0069",
        "landUseType": "public",
        "areaM2": 22276,
        "districtCode": "110101",
        "builtYear": 1997
      }
    },
    {
      "type": "Feature",
      "geometry": {
        "type": "Polygon",
        "coordinates": [
          [
            [
              116.42078816856653,
              39.93653321321517
            ],
            [
              116.42230198955183,
              39.93655552629909
            ],
            [
              116.42227289169749,
              39.9377806600028
            ],
            [
              116.42069117571873,
              39.937706283056436
            ],
            [
              116.42078816856653,
              39.93653321321517
            ]
          ]
        ]
      },
      "properties": {
        "id": "BJ-110101-0070",
        "landUseType": "green",
        "areaM2": 18409,
        "districtCode": "110101",
        "builtYear": 2003
      }
    },
    {
      "type": "Feature",
      "geometry": {
        "type": "Polygon",
        "coordinates": [
          [
            [
              116.42289516356954,
              39.936181165429005
            ],
            [
              116.42525858529878,
              39.93620703141775
            ],
            [
              116.4252248542029,
              39.93794107893313
            ],
            [
              116.42278272658324,
              39.93785485897063
            ],
            [
              116.42289516356954,
              39.936181165429005
            ]
          ]
        ]
      },
      "properties": {
        "id": "BJ-110101-0071",
        "landUseType": "residential",
        "areaM2": 39690,
        "districtCode": "110101",
        "builtYear": 2016
      }
    },
    {
      "type": "Feature",
      "geometry": {
        "type": "Polygon",
        "coordinates": [
          [
            [
              116.4257062651162,
              39.93637816757141
            ],
            [
              116.42717450092819,
              39.93641225401862
            ],
            [
              116.42713004976763,
              39.93782864438338
            ],
            [
              116.42555809458099,
              39.937715022892704
            ],
            [
              116.4257062651162,
              39.93637816757141
            ]
          ]
        ]
      },
      "properties": {
        "id": "BJ-110101-0072",
        "landUseType": "transportation",
        "areaM2": 21823,
        "districtCode": "110101",
        "builtYear": 2002
      }
    },
    {
      "type": "Feature",
      "geometry": {
        "type": "Polygon",
        "coordinates": [
          [
            [
              116.35602208643131,
              39.90195909954203
            ],
            [
              116.35748170930404,
              39.90199121547942
            ],
            [
              116.35743984005954,
              39.90389124309691
            ],
            [
              116.355882522283,
              39.90378418997228
            ],
            [
              116.35602208643131,
              39.90195909954203
            ]
          ]
        ]
      },
      "properties": {
        "id": "BJ-110102-0073",
        "landUseType": "residential",
        "areaM2": 28023,
        "districtCode": "110102",
        "builtYear": null
      }
    },
    {
      "type": "Feature",
      "geometry": {
        "type": "Polygon",
        "coordinates": [
          [
            [
              116.35826859973162,
              39.901943382639516
            ],
            [
              116.36006231225903,
              39.901967937143375
            ],
            [
              116.36003030078408,
              39.9036875651075
            ],
            [
              116.35816189481508,
              39.9036057167613
            ],
            [
              116.35826859973162,
              39.901943382639516
            ]
          ]
        ]
      },
      "properties": {
        "id": "BJ-110102-0074",
        "landUseType": "transportation",
        "areaM2": 30758,
        "districtCode": "110102",
        "builtYear": 2019
      }
    },
    {
      "type": "Feature",
      "geometry": {
        "type": "Polygon",
        "coordinates": [
          [
            [
              116.36018015045026,
              39.90219600899535
            ],
            [
              116.36263502706908,
              39.90222147188663
            ],
            [
              116.362601831338,
              39.90358316006838
            ],
            [
              116.36006949801336,
              39.90349828376411
            ],
            [
              116.36018015045026,
              39.90219600899535
            ]
          ]
        ]
      },
      "properties": {
        "id": "BJ-110102-0075",
        "landUseType": "public",
        "areaM2": 31956,
        "districtCode": "110102",
        "builtYear": 2016
      }
    },
    {
      "type": "Feature",
      "geometry": {
        "type": "Polygon",
        "coordinates": [
          [
            [
              116.36284393511113,
              39.90201637472805
            ],
            [
              116.36495747674097,
              39.90204117539565
            ],
            [
              116.36492514434465,
              39.903711119733714
            ],
            [
              116.36273616045675,
              39.903628450841694
            ],
            [
              116.36284393511113,
              39.90201637472805
            ]
          ]
        ]
      },
      "properties": {
        "id": "BJ-110102-0076",
        "landUseType": "public",
        "areaM2": 34238,
        "districtCode": "110102",
        "builtYear": 2017
      }
    },
    {
      "type": "Feature",
      "geometry": {
        "type": "Polygon",
        "coordinates": [
          [
            [
              116.36511530229141,
              39.902349751334135
            ],
            [
              116.3674686233343,
              39.9023550578656
            ],
            [
              116.3674617052593,
              39.9035053488101
            ],
            [
              116.36509224204143,
              39.90348766037187
            ],
            [
              116.36511530229141,
              39.902349751334135
            ]
          ]
        ]
      },
      "properties": {
        "id": "BJ-110102-0077",
        "landUseType": "residential",
        "areaM2": 25372,
        "districtCode": "110102",
        "builtYear": 2022
      }
    },
    {
      "type": "Feature",
      "geometry": {
        "type": "Polygon",
        "coordinates": [
          [
            [
              116.36772002165463,
              39.9018809794156
            ],
            [
              116.36930021224869,
              39.901893362642504
            ],
            [
              116.36928406835264,
              39.903810050467044
            ],
            [
              116.3676662086678,
              39.903768773044035
            ],
            [
              116.36772002165463,
              39.9018809794156
            ]
          ]
        ]
      },
      "properties": {
        "id": "BJ-110102-0078",
        "landUseType": "public",
        "areaM2": 29607,
        "districtCode": "110102",
        "builtYear": 1996
      }
    },
    {
      "type": "Feature",
      "geometry": {
        "type": "Polygon",
        "coordinates": [
          [
            [
              116.3700672024999,
              39.90193195104696
            ],
            [
              116.37205645989191,
              39.901964764648284
            ],
            [
              116.37201368110952,
              39.90370444515142
            ],
            [
              116.36992460655861,
              39.90359506648035
            ],
            [
              116.3700672024999,
              39.90193195104696
            ]
          ]
        ]
      },
      "properties": {
        "id": "BJ-110102-0079",
        "landUseType": "green",
        "areaM2": 33956,
        "districtCode": "110102",
        "builtYear": 2017
      }
    },
    {
      "type": "Feature",
      "geometry": {
        "type": "Polygon",
        "coordinates": [
          [
            [
              116.3722975234543,
              39.90231527864454
            ],
            [
              116.37439875680306,
              39.90232973539327
            ],
            [
              116.37437990967616,
              39.9034384015179
            ],
            [
              116.37223469969796,
              39.90339021235545
            ],
            [
              116.3722975234543,
              39.90231527864454
            ]
          ]
        ]
      },
      "properties": {
        "id": "BJ-110102-0080",
        "landUseType": "residential",
        "areaM2": 22026,
        "districtCode": "110102",
        "builtYear": 2016
      }
    },
    {
      "type": "Feature",
      "geometry": {
        "type": "Polygon",
        "coordinates": [
          [
            [
              116.35557600944196,
              39.90408071569506
            ],
            [
              116.35785740615398,
              39.904088901392925
            ],
            [
              116.35784673453692,
              39.90520818565165
            ],
            [
              116.3555404373851,
              39.90518089999211
            ],
            [
              116.35557600944196,
              39.90408071569506
            ]
          ]
        ]
      },
      "properties": {
        "id": "BJ-110102-0081",
        "landUseType": "public",
        "areaM2": 23626,
        "districtCode": "110102",
        "builtYear": 2020
      }
    },
    {
      "type": "Feature",
      "geometry": {
        "type": "Polygon",
        "coordinates": [
          [
            [
              116.357948401182,
              39.90405340903611
            ],
            [
              116.36037323440902,
              39.904086046116
            ],
            [
              116.36033068575597,
              39.905393625574774
            ],
            [
              116.35780657233849,
              39.90528483530849
            ],
            [
              116.357948401182,
              39.90405340903611
            ]
          ]
        ]
      },
      "properties": {
        "id": "BJ-110102-0082",
        "landUseType": "commercial",
        "areaM2": 31116,
        "districtCode": "110102",
        "builtYear": 2021
      }
    },
    {
      "type": "Feature",
      "geometry": {
        "type": "Polygon",
        "coordinates": [
          [
            [
              116.36070820773446,
              39.90397112904933
            ],
            [
              116.36213760226447,
              39.90398704867272
            ],
            [
              116.36211684800169,
              39.905342367478696
            ],
            [
              116.36063902685852,
              39.905289302067395
            ],
            [
              116.36070820773446,
              39.90397112904933
            ]
          ]
        ]
      },
      "properties": {
        "id": "BJ-110102-0083",
        "landUseType": "residential",
        "areaM2": 18834,
        "districtCode": "110102",
        "builtYear": 2009
      }
    },
    {
      "type": "Feature",
      "geometry": {
        "type": "Polygon",
        "coordinates": [
          [
            [
              116.36291808519533,
              39.90416672823202
            ],
            [
              116.36478896159868,
              39.90416984983964
            ],
            [
              116.36478489198828,
              39.90527604760078
            ],
            [
              116.36290451982734,
              39.90526564224204
            ],
            [
              116.36291808519533,
              39.90416672823202
            ]
          ]
        ]
      },
      "properties": {
        "id": "BJ-110102-0084",
        "landUseType": "public",
        "areaM2": 19273,
        "districtCode": "110102",
        "builtYear": 1988
      }
    },
    {
      "type": "Feature",
      "geometry": {
        "type": "Polygon",
        "coordinates": [
          [
            [
              116.36547481551503,
              39.903872436732456
            ],
            [
              116.3670984685842,
              39.90389714664561
            ],
            [
              116.36706625450361,
              39.905530963794966
            ],
            [
              116.36536743524638,
              39.90544859741778
            ],
            [
              116.36547481551503,
              39.903872436732456
            ]
          ]
        ]
      },
      "properties": {
        "id": "BJ-110102-0085",
        "landUseType": "green",
        "areaM2": 25772,
        "districtCode": "110102",
        "builtYear": 1998
      }
    },
    {
      "type": "Feature",
      "geometry": {
        "type": "Polygon",
        "coordinates": [
          [
            [
              116.36784180649124,
              39.90387543194635
            ],
            [
              116.36930765493207,
              39.90388630821179
            ],
            [
              116.36929347564745,
              39.905523841959365
            ],
            [
              116.3677945422092,
              39.90548758774123
            ],
            [
              116.36784180649124,
              39.90387543194635
            ]
          ]
        ]
      },
      "properties": {
        "id": "BJ-110102-0086",
        "landUseType": "industrial",
        "areaM2": 22939,
        "districtCode": "110102",
        "builtYear": 1998
      }
    },
    {
      "type": "Feature",
      "geometry": {
        "type": "Polygon",
        "coordinates": [
          [
            [
              116.36993312211614,
              39.90372709654756
            ],
            [
              116.37202462523732,
              39.90373966570702
            ],
            [
              116.37200823894274,
              39.90559622893389
            ],
            [
              116.36987850113424,
              39.90555433173569
            ],
            [
              116.36993312211614,
              39.90372709654756
            ]
          ]
        ]
      },
      "properties": {
        "id": "BJ-110102-0087",
        "landUseType": "residential",
        "areaM2": 35907,
        "districtCode": "110102",
        "builtYear": 2007
      }
    },
    {
      "type": "Feature",
      "geometry": {
        "type": "Polygon",
        "coordinates": [
          [
            [
              116.3726150803433,
              39.904081838720494
            ],
            [
              116.37405303745356,
              39.90410335755223
            ],
            [
              116.3740249835557,
              39.90519384674848
            ],
            [
              116.3725215673504,
              39.90512211730934
            ],
            [
              116.3726150803433,
              39.904081838720494
            ]
          ]
        ]
      },
      "properties": {
        "id": "BJ-110102-0088",
        "landUseType": "residential",
        "areaM2": 15420,
        "districtCode": "110102",
        "builtYear": 1994
      }
    },
    {
      "type": "Feature",
      "geometry": {
        "type": "Polygon",
        "coordinates": [
          [
            [
              116.35586648084971,
              39.90562694010757
            ],
            [
              116.35770042339796,
              39.905655721649374
            ],
            [
              116.35766290117351,
              39.90727617754567
            ],
            [
              116.35574140676822,
              39.90718023907296
            ],
            [
              116.35586648084971,
              39.90562694010757
            ]
          ]
        ]
      },
      "properties": {
        "id": "BJ-110102-0089",
        "landUseType": "residential",
        "areaM2": 30004,
        "districtCode": "110102",
        "builtYear": 2015
      }
    },
    {
      "type": "Feature",
      "geometry": {
        "type": "Polygon",
        "coordinates": [
          [
            [
              116.35813684929597,
              39.90543090313258
            ],
            [
              116.3599577685295,
              39.90544324814703
            ],
            [
              116.35994167445067,
              39.90733029325638
            ],
            [
              116.35808320236653,
              39.90728914320823
            ],
            [
              116.35813684929597,
              39.90543090313258
            ]
          ]
        ]
      },
      "properties": {
        "id": "BJ-110102-0090",
        "landUseType": "other",
        "areaM2": 32324,
        "districtCode": "110102",
        "builtYear": 2002
      }
    },
    {
      "type": "Feature",
      "geometry": {
        "type": "Polygon",
        "coordinates": [
          [
            [
              116.36047039566462,
              39.905581079746725
            ],
            [
              116.36273544742747,
              39.90562812215363
            ],
            [
              116.36267411868553,
              39.90720767740966
            ],
            [
              116.36026596652482,
              39.907050869386644
            ],
            [
              116.36047039566462,
              39.905581079746725
            ]
          ]
        ]
      },
      "properties": {
        "id": "BJ-110102-0091",
        "landUseType": "green",
        "areaM2": 36547,
        "districtCode": "110102",
        "builtYear": 2001
      }
    },
    {
      "type": "Feature",
      "geometry": {
        "type": "Polygon",
        "coordinates": [
          [
            [
              116.36282476652916,
              39.905769369854774
            ],
            [
              116.36505118215845,
              39.905795403945014
            ],
            [
              116.36501724176068,
              39.90714590810862
            ],
            [
              116.36271163186996,
              39.90705912780783
            ],
            [
              116.36282476652916,
              39.905769369854774
            ]
          ]
        ]
      },
      "properties": {
        "id": "BJ-110102-0092",
        "landUseType": "green",
        "areaM2": 29985,
        "districtCode": "110102",
        "builtYear": 2007
      }
    },
    {
      "type": "Feature",
      "geometry": {
        "type": "Polygon",
        "coordinates": [
          [
            [
              116.3648473237078,
              39.90581079913303
            ],
            [
              116.36739330914995,
              39.90581726218274
            ],
            [
              116.36738488333303,
              39.90712430890612
            ],
            [
              116.36481923765145,
              39.9071027654071
            ],
            [
              116.3648473237078,
              39.90581079913303
            ]
          ]
        ]
      },
      "properties": {
        "id": "BJ-110102-0093",
        "landUseType": "other",
        "areaM2": 30758,
        "districtCode": "110102",
        "builtYear": 2000
      }
    },
    {
      "type": "Feature",
      "geometry": {
        "type": "Polygon",
        "coordinates": [
          [
            [
              116.36784978883307,
              39.90564949383447
            ],
            [
              116.36940173224191,
              39.90567584234486
            ],
            [
              116.36936738193755,
              39.90728923028902
            ],
            [
              116.36773528781856,
              39.90720140192103
            ],
            [
              116.36784978883307,
              39.90564949383447
            ]
          ]
        ]
      },
      "properties": {
        "id": "BJ-110102-0094",
        "landUseType": "residential",
        "areaM2": 25164,
        "districtCode": "110102",
        "builtYear": 2012
      }
    },
    {
      "type": "Feature",
      "geometry": {
        "type": "Polygon",
        "coordinates": [
          [
            [
              116.36970100174123,
              39.90585131224494
            ],
            [
              116.37218889652543,
              39.905861623379806
            ],
            [
              116.37217545399622,
              39.90697412011082
            ],
            [
              116.36965619331052,
              39.90693974966127
            ],
            [
              116.36970100174123,
              39.90585131224494
            ]
          ]
        ]
      },
      "properties": {
        "id": "BJ-110102-0095",
        "landUseType": "public",
        "areaM2": 26134,
        "districtCode": "110102",
        "builtYear": 2019
      }
    },
    {
      "type": "Feature",
      "geometry": {
        "type": "Polygon",
        "coordinates": [
          [
            [
              116.37269995908721,
              39.90555228313837
            ],
            [
              116.37409770386779,
              39.905577813284744
            ],
            [
              116.37406442045689,
              39.90738104571714
            ],
            [
              116.3725890143842,
              39.907295945229215
            ],
            [
              116.37269995908721,
              39.90555228313837
            ]
          ]
        ]
      },
      "properties": {
        "id": "BJ-110102-0096",
        "landUseType": "commercial",
        "areaM2": 25292,
        "districtCode": "110102",
        "builtYear": 2002
      }
    },
    {
      "type": "Feature",
      "geometry": {
        "type": "Polygon",
        "coordinates": [
          [
            [
              116.35583497507949,
              39.907504619199976
            ],
            [
              116.35783435193932,
              39.90754782945893
            ],
            [
              116.3577780191325,
              39.9090379364351
            ],
            [
              116.35564719905676,
              39.908893902238596
            ],
            [
              116.35583497507949,
              39.907504619199976
            ]
          ]
        ]
      },
      "properties": {
        "id": "BJ-110102-0097",
        "landUseType": "residential",
        "areaM2": 30171,
        "districtCode": "110102",
        "builtYear": 1991
      }
    },
    {
      "type": "Feature",
      "geometry": {
        "type": "Polygon",
        "coordinates": [
          [
            [
              116.3582270626518,
              39.90737850583964
            ],
            [
              116.36011047894897,
              39.90741607792311
            ],
            [
              116.36006149657831,
              39.909130489873235
            ],
            [
              116.35806378808297,
              39.90900524959501
            ],
            [
              116.3582270626518,
              39.90737850583964
            ]
          ]
        ]
      },
      "properties": {
        "id": "BJ-110102-0098",
        "landUseType": "residential",
        "areaM2": 33002,
        "districtCode": "110102",
        "builtYear": 2023
      }
    },
    {
      "type": "Feature",
      "geometry": {
        "type": "Polygon",
        "coordinates": [
          [
            [
              116.36028257220367,
              39.90747324399695
            ],
            [
              116.36245487589073,
              39.90747340035527
            ],
            [
              116.36245467204786,
              39.90884941244368
            ],
            [
              116.36028189272744,
              39.908848891249264
            ],
            [
              116.36028257220367,
              39.90747324399695
            ]
          ]
        ]
      },
      "properties": {
        "id": "BJ-110102-0099",
        "landUseType": "residential",
        "areaM2": 28105,
        "districtCode": "110102",
        "builtYear": 2013
      }
    },
    {
      "type": "Feature",
      "geometry": {
        "type": "Polygon",
        "coordinates": [
          [
            [
              116.36274062836968,
              39.9071736876358
            ],
            [
              116.36487798599167,
              39.90721378304936
            ],
            [
              116.36482571397939,
              39.90914364629706
            ],
            [
              116.36256638832873,
              39.90900999491851
            ],
            [
              116.36274062836968,
              39.9071736876358
            ]
          ]
        ]
      },
      "properties": {
        "id": "BJ-110102-0100",
        "landUseType": "public",
        "areaM2": 42574,
        "districtCode": "110102",
        "builtYear": 2013
      }
    },
    {
      "type": "Feature",
      "geometry": {
        "type": "Polygon",
        "coordinates": [
          [
            [
              116.36525169332614,
              39.90749113347385
            ],
            [
              116.3671898680731,
              39.90749777191953
            ],
            [
              116.36718121359411,
              39.90886623425209
            ],
            [
              116.36522284506286,
              39.90884410609982
            ],
            [
              116.36525169332614,
              39.90749113347385
            ]
          ]
        ]
      },
      "properties": {
        "id": "BJ-110102-0101",
        "landUseType": "commercial",
        "areaM2": 24893,
        "districtCode": "110102",
        "builtYear": 2023
      }
    },
    {
      "type": "Feature",
      "geometry": {
        "type": "Polygon",
        "coordinates": [
          [
            [
              116.3677868113303,
              39.907575858113546
            ],
            [
              116.36944304251567,
              39.90757933603964
            ],
            [
              116.36943850837623,
              39.908808360793934
            ],
            [
              116.3677716975322,
              39.908796767706946
            ],
            [
              116.3677868113303,
              39.907575858113546
            ]
          ]
        ]
      },
      "properties": {
        "id": "BJ-110102-0102",
        "landUseType": "commercial",
        "areaM2": 19293,
        "districtCode": "110102",
        "builtYear": 2019
      }
    },
    {
      "type": "Feature",
      "geometry": {
        "type": "Polygon",
        "coordinates": [
          [
            [
              116.37004540325115,
              39.907437205535324
            ],
            [
              116.37193688759852,
              39.907440037707666
            ],
            [
              116.37193319532217,
              39.90892620091108
            ],
            [
              116.3700330956633,
              39.90891676033661
            ],
            [
              116.37004540325115,
              39.907437205535324
            ]
          ]
        ]
      },
      "properties": {
        "id": "BJ-110102-0103",
        "landUseType": "residential",
        "areaM2": 26641,
        "districtCode": "110102",
        "builtYear": 2020
      }
    },
    {
      "type": "Feature",
      "geometry": {
        "type": "Polygon",
        "coordinates": [
          [
            [
              116.37227031370308,
              39.907699983107356
            ],
            [
              116.37442501892635,
              39.907734273174704
            ],
            [
              116.37438031528914,
              39.908860847209795
            ],
            [
              116.37212130157907,
              39.90874654698531
            ],
            [
              116.37227031370308,
              39.907699983107356
            ]
          ]
        ]
      },
      "properties": {
        "id": "BJ-110102-0104",
        "landUseType": "green",
        "areaM2": 23969,
        "districtCode": "110102",
        "builtYear": 2014
      }
    },
    {
      "type": "Feature",
      "geometry": {
        "type": "Polygon",
        "coordinates": [
          [
            [
              116.35569146920626,
              39.90913726777594
            ],
            [
              116.35804484741912,
              39.9091882011444
            ],
            [
              116.3579784460673,
              39.910850988027285
            ],
            [
              116.35547013136689,
              39.910681210132395
            ],
            [
              116.35569146920626,
              39.90913726777594
            ]
          ]
        ]
      },
      "properties": {
        "id": "BJ-110102-0105",
        "landUseType": "residential",
        "areaM2": 39630,
        "districtCode": "110102",
        "builtYear": 2023
      }
    },
    {
      "type": "Feature",
      "geometry": {
        "type": "Polygon",
        "coordinates": [
          [
            [
              116.35792491164241,
              39.90932039492502
            ],
            [
              116.36018940057149,
              39.90936149054618
            ],
            [
              116.360135824598,
              39.910779647228594
            ],
            [
              116.3577463250641,
              39.91064266182471
            ],
            [
              116.35792491164241,
              39.90932039492502
            ]
          ]
        ]
      },
      "properties": {
        "id": "BJ-110102-0106",
        "landUseType": "residential",
        "areaM2": 32027,
        "districtCode": "110102",
        "builtYear": 2022
      }
    },
    {
      "type": "Feature",
      "geometry": {
        "type": "Polygon",
        "coordinates": [
          [
            [
              116.36035204944758,
              39.90934834024872
            ],
            [
              116.36268502557495,
              39.90936376035949
            ],
            [
              116.36266492252206,
              39.91067666548224
            ],
            [
              116.36028503927128,
              39.91062526511301
            ],
            [
              116.36035204944758,
              39.90934834024872
            ]
          ]
        ]
      },
      "properties": {
        "id": "BJ-110102-0107",
        "landUseType": "commercial",
        "areaM2": 28855,
        "districtCode": "110102",
        "builtYear": 2005
      }
    },
    {
      "type": "Feature",
      "geometry": {
        "type": "Polygon",
        "coordinates": [
          [
            [
              116.3630064550657,
              39.90901914921817
            ],
            [
              116.36482915820446,
              39.909052204187226
            ],
            [
              116.36478606475323,
              39.91083871421454
            ],
            [
              116.36286281022828,
              39.91072853098434
            ],
            [
              116.3630064550657,
              39.90901914921817
            ]
          ]
        ]
      },
      "properties": {
        "id": "BJ-110102-0108",
        "landUseType": "residential",
        "areaM2": 32047,
        "districtCode": "110102",
        "builtYear": 2021
      }
    },
    {
      "type": "Feature",
      "geometry": {
        "type": "Polygon",
        "coordinates": [
          [
            [
              116.36542547251351,
              39.90922428876602
            ],
            [
              116.36716507034407,
              39.90923364477251
            ],
            [
              116.36715287300669,
              39.91074089102761
            ],
            [
              116.36538481472226,
              39.9107097043393
            ],
            [
              116.36542547251351,
              39.90922428876602
            ]
          ]
        ]
      },
      "properties": {
        "id": "BJ-110102-0109",
        "landUseType": "residential",
        "areaM2": 24815,
        "districtCode": "110102",
        "builtYear": 2002
      }
    },
    {
      "type": "Feature",
      "geometry": {
        "type": "Polygon",
        "coordinates": [
          [
            [
              116.36740473926649,
              39.90918170425923
            ],
            [
              116.36980227420518,
              39.90921352416961
            ],
            [
              116.36976079088831,
              39.91082309341396
            ],
            [
              116.36726646154357,
              39.91071702704604
            ],
            [
              116.36740473926649,
              39.90918170425923
            ]
          ]
        ]
      },
      "properties": {
        "id": "BJ-110102-0110",
        "landUseType": "residential",
        "areaM2": 37333,
        "districtCode": "110102",
        "builtYear": 1997
      }
    },
    {
      "type": "Feature",
      "geometry": {
        "type": "Polygon",
        "coordinates": [
          [
            [
              116.37035003161509,
              39.909464138092034
            ],
            [
              116.37183744117526,
              39.90949085303362
            ],
            [
              116.37180261315802,
              39.91062287209321
            ],
            [
              116.3702339382243,
              39.910533822287924
            ],
            [
              116.37035003161509,
              39.909464138092034
            ]
          ]
        ]
      },
      "properties": {
        "id": "BJ-110102-0111",
        "landUseType": "residential",
        "areaM2": 17176,
        "districtCode": "110102",
        "builtYear": 1997
      }
    },
    {
      "type": "Feature",
      "geometry": {
        "type": "Polygon",
        "coordinates": [
          [
            [
              116.37252560069831,
              39.90951397150424
            ],
            [
              116.37411808758917,
              39.909542432120546
            ],
            [
              116.37408098375228,
              39.91058478837718
            ],
            [
              116.372401921242,
              39.91048991965617
            ],
            [
              116.37252560069831,
              39.90951397150424
            ]
          ]
        ]
      },
      "properties": {
        "id": "BJ-110102-0112",
        "landUseType": "commercial",
        "areaM2": 17153,
        "districtCode": "110102",
        "builtYear": 2022
      }
    },
    {
      "type": "Feature",
      "geometry": {
        "type": "Polygon",
        "coordinates": [
          [
            [
              116.3557292195813,
              39.91099752689349
            ],
            [
              116.35780150885807,
              39.91104166804303
            ],
            [
              116.35774396245797,
              39.91263235536474
            ],
            [
              116.35553739824763,
              39.91248521819959
            ],
            [
              116.3557292195813,
              39.91099752689349
            ]
          ]
        ]
      },
      "properties": {
        "id": "BJ-110102-0113",
        "landUseType": "residential",
        "areaM2": 33961,
        "districtCode": "110102",
        "builtYear": 2008
      }
    },
    {
      "type": "Feature",
      "geometry": {
        "type": "Polygon",
        "coordinates": [
          [
            [
              116.35803750598416,
              39.91103902038057
            ],
            [
              116.35996729145472,
              39.91103927694367
            ],
            [
              116.35996695697584,
              39.912404235901946
            ],
            [
              116.35803639105453,
              39.912403380691615
            ],
            [
              116.35803750598416,
              39.91103902038057
            ]
          ]
        ]
      },
      "properties": {
        "id": "BJ-110102-0114",
        "landUseType": "green",
        "areaM2": 23846,
        "districtCode": "110102",
        "builtYear": 2015
      }
    },
    {
      "type": "Feature",
      "geometry": {
        "type": "Polygon",
        "coordinates": [
          [
            [
              116.36037385000263,
              39.91126946084543
            ],
            [
              116.36238437453865,
              39.91127880665148
            ],
            [
              116.3623721904995,
              39.91234452107502
            ],
            [
              116.36033323653879,
              39.91231336838818
            ],
            [
              116.36037385000263,
              39.91126946084543
            ]
          ]
        ]
      },
      "properties": {
        "id": "BJ-110102-0115",
        "landUseType": "residential",
        "areaM2": 20194,
        "districtCode": "110102",
        "builtYear": 2020
      }
    },
    {
      "type": "Feature",
      "geometry": {
        "type": "Polygon",
        "coordinates": [
          [
            [
              116.36289000407587,
              39.91108019004282
            ],
            [
              116.3647659558587,
              39.911107705602824
            ],
            [
              116.36473008408278,
              39.91255896175098
            ],
            [
              116.3627704314895,
              39.91246724321764
            ],
            [
              116.36289000407587,
              39.91108019004282
            ]
          ]
        ]
      },
      "properties": {
        "id": "BJ-110102-0116",
        "landUseType": "public",
        "areaM2": 26632,
        "districtCode": "110102",
        "builtYear": 2013
      }
    },
    {
      "type": "Feature",
      "geometry": {
        "type": "Polygon",
        "coordinates": [
          [
            [
              116.36542756838298,
              39.91088391879915
            ],
            [
              116.36717404153566,
              39.9109155229626
            ],
            [
              116.36713283948602,
              39.91273366619978
            ],
            [
              116.36529022821752,
              39.91262831898828
            ],
            [
              116.36542756838298,
              39.91088391879915
            ]
          ]
        ]
      },
      "properties": {
        "id": "BJ-110102-0117",
        "landUseType": "residential",
        "areaM2": 32447,
        "districtCode": "110102",
        "builtYear": 2021
      }
    },
    {
      "type": "Feature",
      "geometry": {
        "type": "Polygon",
        "coordinates": [
          [
            [
              116.36765857923534,
              39.911077797712586
            ],
            [
              116.36973054716601,
              39.91111455067456
            ],
            [
              116.36968263267633,
              39.912432113854145
            ],
            [
              116.3674988642697,
              39.9123096039809
            ],
            [
              116.36765857923534,
              39.911077797712586
            ]
          ]
        ]
      },
      "properties": {
        "id": "BJ-110102-0118",
        "landUseType": "green",
        "areaM2": 28102,
        "districtCode": "110102",
        "builtYear": 2007
      }
    },
    {
      "type": "Feature",
      "geometry": {
        "type": "Polygon",
        "coordinates": [
          [
            [
              116.369855170658,
              39.91093002210528
            ],
            [
              116.37227484257465,
              39.910958821052404
            ],
            [
              116.37223729765907,
              39.91263416111108
            ],
            [
              116.36973002093934,
              39.912538164620656
            ],
            [
              116.369855170658,
              39.91093002210528
            ]
          ]
        ]
      },
      "properties": {
        "id": "BJ-110102-0119",
        "landUseType": "transportation",
        "areaM2": 39320,
        "districtCode": "110102",
        "builtYear": 1995
      }
    },
    {
      "type": "Feature",
      "geometry": {
        "type": "Polygon",
        "coordinates": [
          [
            [
              116.3723199760571,
              39.91119253149584
            ],
            [
              116.37432371298316,
              39.91119476336565
            ],
            [
              116.37432080331556,
              39.91235546157096
            ],
            [
              116.3723102771651,
              39.912348022004956
            ],
            [
              116.3723199760571,
              39.91119253149584
            ]
          ]
        ]
      },
      "properties": {
        "id": "BJ-110102-0120",
        "landUseType": "public",
        "areaM2": 20949,
        "districtCode": "110102",
        "builtYear": 2010
      }
    },
    {
      "type": "Feature",
      "geometry": {
        "type": "Polygon",
        "coordinates": [
          [
            [
              116.35564413506182,
              39.912967418742625
            ],
            [
              116.35790518845087,
              39.9129864903777
            ],
            [
              116.35788032494021,
              39.91421393972937
            ],
            [
              116.35556125669294,
              39.91415036761246
            ],
            [
              116.35564413506182,
              39.912967418742625
            ]
          ]
        ]
      },
      "properties": {
        "id": "BJ-110102-0121",
        "landUseType": "green",
        "areaM2": 26207,
        "districtCode": "110102",
        "builtYear": 2011
      }
    },
    {
      "type": "Feature",
      "geometry": {
        "type": "Polygon",
        "coordinates": [
          [
            [
              116.35828234295842,
              39.91270177129281
            ],
            [
              116.36012186977601,
              39.91272729654853
            ],
            [
              116.36008859274101,
              39.914419067211824
            ],
            [
              116.35817141950841,
              39.91433398302609
            ],
            [
              116.35828234295842,
              39.91270177129281
            ]
          ]
        ]
      },
      "properties": {
        "id": "BJ-110102-0122",
        "landUseType": "residential",
        "areaM2": 30410,
        "districtCode": "110102",
        "builtYear": 2003
      }
    },
    {
      "type": "Feature",
      "geometry": {
        "type": "Polygon",
        "coordinates": [
          [
            [
              116.36059624684215,
              39.91269896733672
            ],
            [
              116.36221012296011,
              39.912715068650186
            ],
            [
              116.3621891318297,
              39.91450686775137
            ],
            [
              116.36052627640743,
              39.91445319670649
            ],
            [
              116.36059624684215,
              39.91269896733672
            ]
          ]
        ]
      },
      "properties": {
        "id": "BJ-110102-0123",
        "landUseType": "residential",
        "areaM2": 28075,
        "districtCode": "110102",
        "builtYear": 2002
      }
    },
    {
      "type": "Feature",
      "geometry": {
        "type": "Polygon",
        "coordinates": [
          [
            [
              116.36278603814023,
              39.91293829091319
            ],
            [
              116.36496839248888,
              39.91294818010169
            ],
            [
              116.36495550004715,
              39.91406537835259
            ],
            [
              116.36274306333449,
              39.91403241439092
            ],
            [
              116.36278603814023,
              39.91293829091319
            ]
          ]
        ]
      },
      "properties": {
        "id": "BJ-110102-0124",
        "landUseType": "public",
        "areaM2": 23057,
        "districtCode": "110102",
        "builtYear": 2011
      }
    },
    {
      "type": "Feature",
      "geometry": {
        "type": "Polygon",
        "coordinates": [
          [
            [
              116.36538326591281,
              39.91268098322065
            ],
            [
              116.36714417116809,
              39.91270087533095
            ],
            [
              116.36711823801161,
              39.91450646471898
            ],
            [
              116.36529682205791,
              39.914440157684666
            ],
            [
              116.36538326591281,
              39.91268098322065
            ]
          ]
        ]
      },
      "properties": {
        "id": "BJ-110102-0125",
        "landUseType": "commercial",
        "areaM2": 30890,
        "districtCode": "110102",
        "builtYear": 2009
      }
    },
    {
      "type": "Feature",
      "geometry": {
        "type": "Polygon",
        "coordinates": [
          [
            [
              116.36784129612788,
              39.9128459162859
            ],
            [
              116.36925507052769,
              39.91287884898013
            ],
            [
              116.369212136485,
              39.91434830752753
            ],
            [
              116.36769818265229,
              39.914238531880116
            ],
            [
              116.36784129612788,
              39.9128459162859
            ]
          ]
        ]
      },
      "properties": {
        "id": "BJ-110102-0126",
        "landUseType": "commercial",
        "areaM2": 21512,
        "districtCode": "110102",
        "builtYear": 2010
      }
    },
    {
      "type": "Feature",
      "geometry": {
        "type": "Polygon",
        "coordinates": [
          [
            [
              116.36973020033463,
              39.91289172573864
            ],
            [
              116.37222264997303,
              39.91290505801105
            ],
            [
              116.3722052688153,
              39.91429962371434
            ],
            [
              116.3696722631422,
              39.91425518280631
            ],
            [
              116.36973020033463,
              39.91289172573864
            ]
          ]
        ]
      },
      "properties": {
        "id": "BJ-110102-0127",
        "landUseType": "commercial",
        "areaM2": 32571,
        "districtCode": "110102",
        "builtYear": null
      }
    },
    {
      "type": "Feature",
      "geometry": {
        "type": "Polygon",
        "coordinates": [
          [
            [
              116.3726738015979,
              39.91287892996298
            ],
            [
              116.37419998203819,
              39.91291503628652
            ],
            [
              116.37415291056493,
              39.91411411690712
            ],
            [
              116.37251689668702,
              39.91399376249533
            ],
            [
              116.3726738015979,
              39.91287892996298
            ]
          ]
        ]
      },
      "properties": {
        "id": "BJ-110102-0128",
        "landUseType": "residential",
        "areaM2": 18699,
        "districtCode": "110102",
        "builtYear": 2017
      }
    },
    {
      "type": "Feature",
      "geometry": {
        "type": "Polygon",
        "coordinates": [
          [
            [
              116.35562093282992,
              39.914378019613764
            ],
            [
              116.3576888178683,
              39.91438519001769
            ],
            [
              116.35767946988037,
              39.9162834862019
            ],
            [
              116.35558977287013,
              39.91625958485547
            ],
            [
              116.35562093282992,
              39.914378019613764
            ]
          ]
        ]
      },
      "properties": {
        "id": "BJ-110102-0129",
        "landUseType": "public",
        "areaM2": 36895,
        "districtCode": "110102",
        "builtYear": 2003
      }
    },
    {
      "type": "Feature",
      "geometry": {
        "type": "Polygon",
        "coordinates": [
          [
            [
              116.35832139888254,
              39.9145128081339
            ],
            [
              116.35982945387286,
              39.91454864015263
            ],
            [
              116.3597827400082,
              39.91621104783588
            ],
            [
              116.35816568600029,
              39.916091607773446
            ],
            [
              116.35832139888254,
              39.9145128081339
            ]
          ]
        ]
      },
      "properties": {
        "id": "BJ-110102-0130",
        "landUseType": "residential",
        "areaM2": 26300,
        "districtCode": "110102",
        "builtYear": 2023
      }
    },
    {
      "type": "Feature",
      "geometry": {
        "type": "Polygon",
        "coordinates": [
          [
            [
              116.36030828173416,
              39.91446598186284
            ],
            [
              116.36280013734324,
              39.9144786679614
            ],
            [
              116.36278359859627,
              39.9161828514934
            ],
            [
              116.36025315257758,
              39.91614056449821
            ],
            [
              116.36030828173416,
              39.91446598186284
            ]
          ]
        ]
      },
      "properties": {
        "id": "BJ-110102-0131",
        "landUseType": "other",
        "areaM2": 40598,
        "districtCode": "110102",
        "builtYear": 2008
      }
    },
    {
      "type": "Feature",
      "geometry": {
        "type": "Polygon",
        "coordinates": [
          [
            [
              116.36307655033492,
              39.91473230433129
            ],
            [
              116.36470520477329,
              39.914755297721314
            ],
            [
              116.3646752285077,
              39.91601405794829
            ],
            [
              116.36297662944963,
              39.915937413314865
            ],
            [
              116.36307655033492,
              39.91473230433129
            ]
          ]
        ]
      },
      "properties": {
        "id": "BJ-110102-0132",
        "landUseType": "residential",
        "areaM2": 19949,
        "districtCode": "110102",
        "builtYear": 2021
      }
    },
    {
      "type": "Feature",
      "geometry": {
        "type": "Polygon",
        "coordinates": [
          [
            [
              116.36518638514156,
              39.91470513530808
            ],
            [
              116.36717608329656,
              39.914726088645715
            ],
            [
              116.36714876662802,
              39.9159134965878
            ],
            [
              116.36509532957977,
              39.91584365212902
            ],
            [
              116.36518638514156,
              39.91470513530808
            ]
          ]
        ]
      },
      "properties": {
        "id": "BJ-110102-0133",
        "landUseType": "residential",
        "areaM2": 22923,
        "districtCode": "110102",
        "builtYear": 2016
      }
    },
    {
      "type": "Feature",
      "geometry": {
        "type": "Polygon",
        "coordinates": [
          [
            [
              116.36783824342034,
              39.91443303190166
            ],
            [
              116.3692405660192,
              39.91445398143534
            ],
            [
              116.36921325430984,
              39.916326625389104
            ],
            [
              116.36774720438915,
              39.916256793610174
            ],
            [
              116.36783824342034,
              39.91443303190166
            ]
          ]
        ]
      },
      "properties": {
        "id": "BJ-110102-0134",
        "landUseType": "green",
        "areaM2": 26300,
        "districtCode": "110102",
        "builtYear": 1998
      }
    },
    {
      "type": "Feature",
      "geometry": {
        "type": "Polygon",
        "coordinates": [
          [
            [
              116.36977256677018,
              39.91474707512061
            ],
            [
              116.37211467348644,
              39.91476785449966
            ],
            [
              116.37208758360606,
              39.91605700934457
            ],
            [
              116.36968226716894,
              39.915987744747746
            ],
            [
              116.36977256677018,
              39.91474707512061
            ]
          ]
        ]
      },
      "properties": {
        "id": "BJ-110102-0135",
        "landUseType": "commercial",
        "areaM2": 29065,
        "districtCode": "110102",
        "builtYear": 2015
      }
    },
    {
      "type": "Feature",
      "geometry": {
        "type": "Polygon",
        "coordinates": [
          [
            [
              116.37237791884579,
              39.914368131112184
            ],
            [
              116.37424603330203,
              39.91437182349364
            ],
            [
              116.37424121957916,
              39.916283697233546
            ],
            [
              116.37236187310293,
              39.91627138929537
            ],
            [
              116.37237791884579,
              39.914368131112184
            ]
          ]
        ]
      },
      "properties": {
        "id": "BJ-110102-0136",
        "landUseType": "commercial",
        "areaM2": 32387,
        "districtCode": "110102",
        "builtYear": 2016
      }
    },
    {
      "type": "Feature",
      "geometry": {
        "type": "Polygon",
        "coordinates": [
          [
            [
              116.35568692908267,
              39.916488067583956
            ],
            [
              116.35766269206272,
              39.916492702326664
            ],
            [
              116.35765664979239,
              39.91766270146764
            ],
            [
              116.35566678818155,
              39.91764725232527
            ],
            [
              116.35568692908267,
              39.916488067583956
            ]
          ]
        ]
      },
      "properties": {
        "id": "BJ-110102-0137",
        "landUseType": "commercial",
        "areaM2": 21079,
        "districtCode": "110102",
        "builtYear": 2004
      }
    },
    {
      "type": "Feature",
      "geometry": {
        "type": "Polygon",
        "coordinates": [
          [
            [
              116.35830311073822,
              39.91650236041535
            ],
            [
              116.35982918978775,
              39.916514633173286
            ],
            [
              116.35981318990905,
              39.91765763578332
            ],
            [
              116.3582497778092,
              39.917616726590204
            ],
            [
              116.35830311073822,
              39.91650236041535
            ]
          ]
        ]
      },
      "properties": {
        "id": "BJ-110102-0138",
        "landUseType": "public",
        "areaM2": 16353,
        "districtCode": "110102",
        "builtYear": 2021
      }
    },
    {
      "type": "Feature",
      "geometry": {
        "type": "Polygon",
        "coordinates": [
          [
            [
              116.36043306847941,
              39.91607082092089
            ],
            [
              116.36252859416372,
              39.91611945697637
            ],
            [
              116.36246518779717,
              39.918045255407264
            ],
            [
              116.36022171392428,
              39.91788313522236
            ],
            [
              116.36043306847941,
              39.91607082092089
            ]
          ]
        ]
      },
      "properties": {
        "id": "BJ-110102-0139",
        "landUseType": "transportation",
        "areaM2": 40798,
        "districtCode": "110102",
        "builtYear": 2008
      }
    },
    {
      "type": "Feature",
      "geometry": {
        "type": "Polygon",
        "coordinates": [
          [
            [
              116.36271492816843,
              39.91621626993841
            ],
            [
              116.36516661027005,
              39.9162393700706
            ],
            [
              116.3651364948457,
              39.918147034080455
            ],
            [
              116.36261454342062,
              39.918070033639815
            ],
            [
              116.36271492816843,
              39.91621626993841
            ]
          ]
        ]
      },
      "properties": {
        "id": "BJ-110102-0140",
        "landUseType": "residential",
        "areaM2": 45678,
        "districtCode": "110102",
        "builtYear": 2004
      }
    },
    {
      "type": "Feature",
      "geometry": {
        "type": "Polygon",
        "coordinates": [
          [
            [
              116.36541498024465,
              39.9163705736063
            ],
            [
              116.36701593733365,
              39.91637392328684
            ],
            [
              116.36701157038675,
              39.91791961975684
            ],
            [
              116.36540042375496,
              39.917908454155054
            ],
            [
              116.36541498024465,
              39.9163705736063
            ]
          ]
        ]
      },
      "properties": {
        "id": "BJ-110102-0141",
        "landUseType": "residential",
        "areaM2": 23071,
        "districtCode": "110102",
        "builtYear": 2017
      }
    },
    {
      "type": "Feature",
      "geometry": {
        "type": "Polygon",
        "coordinates": [
          [
            [
              116.36775907281314,
              39.916504339086764
            ],
            [
              116.36967095167985,
              39.916532384789285
            ],
            [
              116.36963438876215,
              39.91783189673201
            ],
            [
              116.36763719642079,
              39.91773841105695
            ],
            [
              116.36775907281314,
              39.916504339086764
            ]
          ]
        ]
      },
      "properties": {
        "id": "BJ-110102-0142",
        "landUseType": "residential",
        "areaM2": 25249,
        "districtCode": "110102",
        "builtYear": 2010
      }
    },
    {
      "type": "Feature",
      "geometry": {
        "type": "Polygon",
        "coordinates": [
          [
            [
              116.36999761957573,
              39.91625907097478
            ],
            [
              116.37214829263351,
              39.91627836869581
            ],
            [
              116.37212313437672,
              39.91810790579524
            ],
            [
              116.36991375871976,
              39.91804358005848
            ],
            [
              116.36999761957573,
              39.91625907097478
            ]
          ]
        ]
      },
      "properties": {
        "id": "BJ-110102-0143",
        "landUseType": "residential",
        "areaM2": 37489,
        "districtCode": "110102",
        "builtYear": 1988
      }
    },
    {
      "type": "Feature",
      "geometry": {
        "type": "Polygon",
        "coordinates": [
          [
            [
              116.37248114986042,
              39.916309268204124
            ],
            [
              116.37420601970308,
              39.91631688175632
            ],
            [
              116.37419609398694,
              39.91805840932973
            ],
            [
              116.37244806413993,
              39.918033030822414
            ],
            [
              116.37248114986042,
              39.916309268204124
            ]
          ]
        ]
      },
      "properties": {
        "id": "BJ-110102-0144",
        "landUseType": "public",
        "areaM2": 28521,
        "districtCode": "110102",
        "builtYear": 2007
      }
    },
    {
      "type": "Feature",
      "geometry": {
        "type": "Polygon",
        "coordinates": [
          [
            [
              116.48076269296809,
              39.92204081772602
            ],
            [
              116.48261326487146,
              39.922087132201376
            ],
            [
              116.48255286748923,
              39.92377960109473
            ],
            [
              116.48056136836067,
              39.92362521951021
            ],
            [
              116.48076269296809,
              39.92204081772602
            ]
          ]
        ]
      },
      "properties": {
        "id": "BJ-110105-0145",
        "landUseType": "residential",
        "areaM2": 32775,
        "districtCode": "110105",
        "builtYear": 1987
      }
    },
    {
      "type": "Feature",
      "geometry": {
        "type": "Polygon",
        "coordinates": [
          [
            [
              116.48326898964132,
              39.92201690476302
            ],
            [
              116.48500397532895,
              39.922050704857625
            ],
            [
              116.48495989759262,
              39.92375796630673
            ],
            [
              116.48312206385354,
              39.92364529932471
            ],
            [
              116.48326898964132,
              39.92201690476302
            ]
          ]
        ]
      },
      "properties": {
        "id": "BJ-110105-0146",
        "landUseType": "commercial",
        "areaM2": 30817,
        "districtCode": "110105",
        "builtYear": 2019
      }
    },
    {
      "type": "Feature",
      "geometry": {
        "type": "Polygon",
        "coordinates": [
          [
            [
              116.48559748100388,
              39.9220928423481
            ],
            [
              116.4871563304439,
              39.92209576245719
            ],
            [
              116.48715252241317,
              39.923717535886574
            ],
            [
              116.48558478756811,
              39.92370780218959
            ],
            [
              116.48559748100388,
              39.9220928423481
            ]
          ]
        ]
      },
      "properties": {
        "id": "BJ-110105-0147",
        "landUseType": "transportation",
        "areaM2": 23383,
        "districtCode": "110105",
        "builtYear": 2003
      }
    },
    {
      "type": "Feature",
      "geometry": {
        "type": "Polygon",
        "coordinates": [
          [
            [
              116.48785987265946,
              39.92193020429988
            ],
            [
              116.48989839827779,
              39.92196220204833
            ],
            [
              116.48985667092951,
              39.92375733855498
            ],
            [
              116.48772078149855,
              39.92365067939349
            ],
            [
              116.48785987265946,
              39.92193020429988
            ]
          ]
        ]
      },
      "properties": {
        "id": "BJ-110105-0148",
        "landUseType": "residential",
        "areaM2": 36754,
        "districtCode": "110105",
        "builtYear": 2019
      }
    },
    {
      "type": "Feature",
      "geometry": {
        "type": "Polygon",
        "coordinates": [
          [
            [
              116.49015728522349,
              39.92224787754741
            ],
            [
              116.49252811470609,
              39.92228152162451
            ],
            [
              116.49248424042771,
              39.92358031093686
            ],
            [
              116.49001103762895,
              39.92346816401321
            ],
            [
              116.49015728522349,
              39.92224787754741
            ]
          ]
        ]
      },
      "properties": {
        "id": "BJ-110105-0149",
        "landUseType": "commercial",
        "areaM2": 31233,
        "districtCode": "110105",
        "builtYear": 2013
      }
    },
    {
      "type": "Feature",
      "geometry": {
        "type": "Polygon",
        "coordinates": [
          [
            [
              116.49250753848733,
              39.92186951941628
            ],
            [
              116.49456338506056,
              39.92189634177795
            ],
            [
              116.4945284067861,
              39.923823378150225
            ],
            [
              116.49239094423913,
              39.92373397027797
            ],
            [
              116.49250753848733,
              39.92186951941628
            ]
          ]
        ]
      },
      "properties": {
        "id": "BJ-110105-0150",
        "landUseType": "transportation",
        "areaM2": 38357,
        "districtCode": "110105",
        "builtYear": 2003
      }
    },
    {
      "type": "Feature",
      "geometry": {
        "type": "Polygon",
        "coordinates": [
          [
            [
              116.49495621143814,
              39.92230705639328
            ],
            [
              116.49687885955234,
              39.922317698037624
            ],
            [
              116.49686498208841,
              39.92348366372428
            ],
            [
              116.49490995322506,
              39.92344819157647
            ],
            [
              116.49495621143814,
              39.92230705639328
            ]
          ]
        ]
      },
      "properties": {
        "id": "BJ-110105-0151",
        "landUseType": "public",
        "areaM2": 21109,
        "districtCode": "110105",
        "builtYear": 2020
      }
    },
    {
      "type": "Feature",
      "geometry": {
        "type": "Polygon",
        "coordinates": [
          [
            [
              116.49730018364124,
              39.9222127046112
            ],
            [
              116.49946235770412,
              39.92225077894335
            ],
            [
              116.49941270605687,
              39.9236379859967
            ],
            [
              116.49713467815046,
              39.92351107155619
            ],
            [
              116.49730018364124,
              39.9222127046112
            ]
          ]
        ]
      },
      "properties": {
        "id": "BJ-110105-0152",
        "landUseType": "commercial",
        "areaM2": 31158,
        "districtCode": "110105",
        "builtYear": 2012
      }
    },
    {
      "type": "Feature",
      "geometry": {
        "type": "Polygon",
        "coordinates": [
          [
            [
              116.48065048190752,
              39.92411824765311
            ],
            [
              116.48277285387623,
              39.92414085966479
            ],
            [
              116.48274336619875,
              39.92529281655561
            ],
            [
              116.48055218964925,
              39.92521744318336
            ],
            [
              116.48065048190752,
              39.92411824765311
            ]
          ]
        ]
      },
      "properties": {
        "id": "BJ-110105-0153",
        "landUseType": "public",
        "areaM2": 24188,
        "districtCode": "110105",
        "builtYear": null
      }
    },
    {
      "type": "Feature",
      "geometry": {
        "type": "Polygon",
        "coordinates": [
          [
            [
              116.48296117061193,
              39.92367636680668
            ],
            [
              116.48499163460072,
              39.92368138851173
            ],
            [
              116.48498508593883,
              39.92554382283506
            ],
            [
              116.48293934173898,
              39.925527083818224
            ],
            [
              116.48296117061193,
              39.92367636680668
            ]
          ]
        ]
      },
      "properties": {
        "id": "BJ-110105-0154",
        "landUseType": "other",
        "areaM2": 36000,
        "districtCode": "110105",
        "builtYear": 2011
      }
    },
    {
      "type": "Feature",
      "geometry": {
        "type": "Polygon",
        "coordinates": [
          [
            [
              116.48549894412457,
              39.923747620028166
            ],
            [
              116.48762261873131,
              39.92377974165739
            ],
            [
              116.48758072983365,
              39.925635604540126
            ],
            [
              116.48535931446574,
              39.925528532442726
            ],
            [
              116.48549894412457,
              39.923747620028166
            ]
          ]
        ]
      },
      "properties": {
        "id": "BJ-110105-0155",
        "landUseType": "public",
        "areaM2": 38731,
        "districtCode": "110105",
        "builtYear": 2015
      }
    },
    {
      "type": "Feature",
      "geometry": {
        "type": "Polygon",
        "coordinates": [
          [
            [
              116.48801633296497,
              39.92376081748539
            ],
            [
              116.48958523413594,
              39.92377897947138
            ],
            [
              116.48956154960963,
              39.92559859433221
            ],
            [
              116.48793738454395,
              39.9255380543789
            ],
            [
              116.48801633296497,
              39.92376081748539
            ]
          ]
        ]
      },
      "properties": {
        "id": "BJ-110105-0156",
        "landUseType": "transportation",
        "areaM2": 28123,
        "districtCode": "110105",
        "builtYear": 2013
      }
    },
    {
      "type": "Feature",
      "geometry": {
        "type": "Polygon",
        "coordinates": [
          [
            [
              116.4902016053606,
              39.923736001633586
            ],
            [
              116.49240829761355,
              39.92378758944228
            ],
            [
              116.4923410234282,
              39.92570727569281
            ],
            [
              116.48997735807605,
              39.925535316330496
            ],
            [
              116.4902016053606,
              39.923736001633586
            ]
          ]
        ]
      },
      "properties": {
        "id": "BJ-110105-0157",
        "landUseType": "residential",
        "areaM2": 43482,
        "districtCode": "110105",
        "builtYear": 2016
      }
    },
    {
      "type": "Feature",
      "geometry": {
        "type": "Polygon",
        "coordinates": [
          [
            [
              116.49269517001163,
              39.92373146690579
            ],
            [
              116.4946480821445,
              39.92375753466151
            ],
            [
              116.49461408793007,
              39.92555435189303
            ],
            [
              116.49258185596358,
              39.92546745937397
            ],
            [
              116.49269517001163,
              39.92373146690579
            ]
          ]
        ]
      },
      "properties": {
        "id": "BJ-110105-0158",
        "landUseType": "industrial",
        "areaM2": 34545,
        "districtCode": "110105",
        "builtYear": 2004
      }
    },
    {
      "type": "Feature",
      "geometry": {
        "type": "Polygon",
        "coordinates": [
          [
            [
              116.49511140097725,
              39.9239235136404
            ],
            [
              116.49689014962094,
              39.923927357916966
            ],
            [
              116.49688513640986,
              39.925538822788646
            ],
            [
              116.49509469027365,
              39.925526008533424
            ],
            [
              116.49511140097725,
              39.9239235136404
            ]
          ]
        ]
      },
      "properties": {
        "id": "BJ-110105-0159",
        "landUseType": "residential",
        "areaM2": 26397,
        "districtCode": "110105",
        "builtYear": 2008
      }
    },
    {
      "type": "Feature",
      "geometry": {
        "type": "Polygon",
        "coordinates": [
          [
            [
              116.49748442901775,
              39.92392463828984
            ],
            [
              116.49924666467128,
              39.923946272323214
            ],
            [
              116.49921845234732,
              39.92550524849283
            ],
            [
              116.49739038793787,
              39.92543313504826
            ],
            [
              116.49748442901775,
              39.92392463828984
            ]
          ]
        ]
      },
      "properties": {
        "id": "BJ-110105-0160",
        "landUseType": "residential",
        "areaM2": 27351,
        "districtCode": "110105",
        "builtYear": 2003
      }
    },
    {
      "type": "Feature",
      "geometry": {
        "type": "Polygon",
        "coordinates": [
          [
            [
              116.48079712056338,
              39.92542084913104
            ],
            [
              116.48279246420273,
              39.92543264925052
            ],
            [
              116.48277707600452,
              39.92735475783779
            ],
            [
              116.48074582656935,
              39.927315424106176
            ],
            [
              116.48079712056338,
              39.92542084913104
            ]
          ]
        ]
      },
      "properties": {
        "id": "BJ-110105-0161",
        "landUseType": "green",
        "areaM2": 37233,
        "districtCode": "110105",
        "builtYear": 1999
      }
    },
    {
      "type": "Feature",
      "geometry": {
        "type": "Polygon",
        "coordinates": [
          [
            [
              116.48335644725876,
              39.92562904814069
            ],
            [
              116.48476743625449,
              39.925652230737
            ],
            [
              116.48473720449391,
              39.92734717186805
            ],
            [
              116.4832556747235,
              39.927269896547024
            ],
            [
              116.48335644725876,
              39.92562904814069
            ]
          ]
        ]
      },
      "properties": {
        "id": "BJ-110105-0162",
        "landUseType": "green",
        "areaM2": 23566,
        "districtCode": "110105",
        "builtYear": 2009
      }
    },
    {
      "type": "Feature",
      "geometry": {
        "type": "Polygon",
        "coordinates": [
          [
            [
              116.48571584613508,
              39.925911459170884
            ],
            [
              116.48734977584034,
              39.92592527149671
            ],
            [
              116.48733176358141,
              39.92709348275423
            ],
            [
              116.48565580527196,
              39.92704744166813
            ],
            [
              116.48571584613508,
              39.925911459170884
            ]
          ]
        ]
      },
      "properties": {
        "id": "BJ-110105-0163",
        "landUseType": "residential",
        "areaM2": 18808,
        "districtCode": "110105",
        "builtYear": 2022
      }
    },
    {
      "type": "Feature",
      "geometry": {
        "type": "Polygon",
        "coordinates": [
          [
            [
              116.48768696174969,
              39.925527694333105
            ],
            [
              116.48976773352832,
              39.92552988891424
            ],
            [
              116.48976487163786,
              39.92724165117154
            ],
            [
              116.4876774221148,
              39.927234335901105
            ],
            [
              116.48768696174969,
              39.925527694333105
            ]
          ]
        ]
      },
      "properties": {
        "id": "BJ-110105-0164",
        "landUseType": "green",
        "areaM2": 32921,
        "districtCode": "110105",
        "builtYear": 2020
      }
    },
    {
      "type": "Feature",
      "geometry": {
        "type": "Polygon",
        "coordinates": [
          [
            [
              116.4903521467841,
              39.92579022979757
            ],
            [
              116.49197285684264,
              39.925816822017076
            ],
            [
              116.49193817869,
              39.92699714664706
            ],
            [
              116.490236552942,
              39.92690850591539
            ],
            [
              116.4903521467841,
              39.92579022979757
            ]
          ]
        ]
      },
      "properties": {
        "id": "BJ-110105-0165",
        "landUseType": "industrial",
        "areaM2": 18779,
        "districtCode": "110105",
        "builtYear": 1998
      }
    },
    {
      "type": "Feature",
      "geometry": {
        "type": "Polygon",
        "coordinates": [
          [
            [
              116.49281449340256,
              39.92586285270236
            ],
            [
              116.49445428259922,
              39.92586476865558
            ],
            [
              116.49445178405944,
              39.92709666212608
            ],
            [
              116.49280616493664,
              39.927090275615356
            ],
            [
              116.49281449340256,
              39.92586285270236
            ]
          ]
        ]
      },
      "properties": {
        "id": "BJ-110105-0166",
        "landUseType": "commercial",
        "areaM2": 18999,
        "districtCode": "110105",
        "builtYear": 2008
      }
    },
    {
      "type": "Feature",
      "geometry": {
        "type": "Polygon",
        "coordinates": [
          [
            [
              116.4950220972975,
              39.92581962577511
            ],
            [
              116.49692139111376,
              39.92583631798445
            ],
            [
              116.49689962328114,
              39.9270870868402
            ],
            [
              116.49494953785542,
              39.927031446142415
            ],
            [
              116.4950220972975,
              39.92581962577511
            ]
          ]
        ]
      },
      "properties": {
        "id": "BJ-110105-0167",
        "landUseType": "residential",
        "areaM2": 22478,
        "districtCode": "110105",
        "builtYear": 1998
      }
    },
    {
      "type": "Feature",
      "geometry": {
        "type": "Polygon",
        "coordinates": [
          [
            [
              116.49738628438321,
              39.92547812793375
            ],
            [
              116.49952319096853,
              39.92552651847364
            ],
            [
              116.49946008624993,
              39.92737506227392
            ],
            [
              116.49717593532122,
              39.92721376047427
            ],
            [
              116.49738628438321,
              39.92547812793375
            ]
          ]
        ]
      },
      "properties": {
        "id": "BJ-110105-0168",
        "landUseType": "other",
        "areaM2": 41107,
        "districtCode": "110105",
        "builtYear": 1985
      }
    },
    {
      "type": "Feature",
      "geometry": {
        "type": "Polygon",
        "coordinates": [
          [
            [
              116.48092839945056,
              39.92747146094014
            ],
            [
              116.482591874337,
              39.92748524891172
            ],
            [
              116.48257389383775,
              39.929033329031085
            ],
            [
              116.48086846445305,
              39.92898736912583
            ],
            [
              116.48092839945056,
              39.92747146094014
            ]
          ]
        ]
      },
      "properties": {
        "id": "BJ-110105-0169",
        "landUseType": "commercial",
        "areaM2": 24198,
        "districtCode": "110105",
        "builtYear": 2012
      }
    },
    {
      "type": "Feature",
      "geometry": {
        "type": "Polygon",
        "coordinates": [
          [
            [
              116.48284004058549,
              39.92770605200307
            ],
            [
              116.48524776231687,
              39.927718896300775
            ],
            [
              116.48523101243572,
              39.92886352191552
            ],
            [
              116.48278420764831,
              39.92882070758984
            ],
            [
              116.48284004058549,
              39.92770605200307
            ]
          ]
        ]
      },
      "properties": {
        "id": "BJ-110105-0170",
        "landUseType": "green",
        "areaM2": 26376,
        "districtCode": "110105",
        "builtYear": 1995
      }
    },
    {
      "type": "Feature",
      "geometry": {
        "type": "Polygon",
        "coordinates": [
          [
            [
              116.48559672819273,
              39.927352264979724
            ],
            [
              116.48757520883817,
              39.92739637699305
            ],
            [
              116.48751768362365,
              39.929147153413126
            ],
            [
              116.4854049774777,
              39.92900011336871
            ],
            [
              116.48559672819273,
              39.927352264979724
            ]
          ]
        ]
      },
      "properties": {
        "id": "BJ-110105-0171",
        "landUseType": "commercial",
        "areaM2": 35751,
        "districtCode": "110105",
        "builtYear": 2024
      }
    },
    {
      "type": "Feature",
      "geometry": {
        "type": "Polygon",
        "coordinates": [
          [
            [
              116.48752193659675,
              39.92749233200203
            ],
            [
              116.49002465421209,
              39.92749867736419
            ],
            [
              116.49001637940685,
              39.929058051639366
            ],
            [
              116.4874943539126,
              39.929036900432166
            ],
            [
              116.48752193659675,
              39.92749233200203
            ]
          ]
        ]
      },
      "properties": {
        "id": "BJ-110105-0172",
        "landUseType": "residential",
        "areaM2": 35512,
        "districtCode": "110105",
        "builtYear": 2007
      }
    },
    {
      "type": "Feature",
      "geometry": {
        "type": "Polygon",
        "coordinates": [
          [
            [
              116.49009352133781,
              39.927331972462056
            ],
            [
              116.4923758695119,
              39.92734764991434
            ],
            [
              116.49235542499493,
              39.928986325958846
            ],
            [
              116.49002537294788,
              39.928934067784574
            ],
            [
              116.49009352133781,
              39.927331972462056
            ]
          ]
        ]
      },
      "properties": {
        "id": "BJ-110105-0173",
        "landUseType": "public",
        "areaM2": 34970,
        "districtCode": "110105",
        "builtYear": 2009
      }
    },
    {
      "type": "Feature",
      "geometry": {
        "type": "Polygon",
        "coordinates": [
          [
            [
              116.49266163251275,
              39.927605455503006
            ],
            [
              116.49448893342917,
              39.927622464502434
            ],
            [
              116.49446675247965,
              39.9289297032882
            ],
            [
              116.49258769601434,
              39.92887300662342
            ],
            [
              116.49266163251275,
              39.927605455503006
            ]
          ]
        ]
      },
      "properties": {
        "id": "BJ-110105-0174",
        "landUseType": "commercial",
        "areaM2": 23069,
        "districtCode": "110105",
        "builtYear": 2012
      }
    },
    {
      "type": "Feature",
      "geometry": {
        "type": "Polygon",
        "coordinates": [
          [
            [
              116.49467981241895,
              39.92750685285019
            ],
            [
              116.49714952584883,
              39.9275280651056
            ],
            [
              116.49712186355345,
              39.92884490100489
            ],
            [
              116.49458760476769,
              39.928774193486866
            ],
            [
              116.49467981241895,
              39.92750685285019
            ]
          ]
        ]
      },
      "properties": {
        "id": "BJ-110105-0175",
        "landUseType": "commercial",
        "areaM2": 31782,
        "districtCode": "110105",
        "builtYear": 2002
      }
    },
    {
      "type": "Feature",
      "geometry": {
        "type": "Polygon",
        "coordinates": [
          [
            [
              116.49727263905196,
              39.92744999024398
            ],
            [
              116.49961846397446,
              39.92748972474583
            ],
            [
              116.49956664734741,
              39.9290016557021
            ],
            [
              116.49709991696183,
              39.928869207362595
            ],
            [
              116.49727263905196,
              39.92744999024398
            ]
          ]
        ]
      },
      "properties": {
        "id": "BJ-110105-0176",
        "landUseType": "public",
        "areaM2": 36344,
        "districtCode": "110105",
        "builtYear": 2023
      }
    },
    {
      "type": "Feature",
      "geometry": {
        "type": "Polygon",
        "coordinates": [
          [
            [
              116.48083973174776,
              39.92950518924288
            ],
            [
              116.48244816572081,
              39.929517639968765
            ],
            [
              116.48243192908541,
              39.93062468390332
            ],
            [
              116.48078560962976,
              39.93058318148371
            ],
            [
              116.48083973174776,
              39.92950518924288
            ]
          ]
        ]
      },
      "properties": {
        "id": "BJ-110105-0177",
        "landUseType": "commercial",
        "areaM2": 17491,
        "districtCode": "110105",
        "builtYear": 2005
      }
    },
    {
      "type": "Feature",
      "geometry": {
        "type": "Polygon",
        "coordinates": [
          [
            [
              116.4832283155393,
              39.929073264307135
            ],
            [
              116.48492159466831,
              39.929094397832735
            ],
            [
              116.48489403504222,
              39.93098245208205
            ],
            [
              116.483136450119,
              39.930912006996735
            ],
            [
              116.4832283155393,
              39.929073264307135
            ]
          ]
        ]
      },
      "properties": {
        "id": "BJ-110105-0178",
        "landUseType": "commercial",
        "areaM2": 31584,
        "districtCode": "110105",
        "builtYear": 2012
      }
    },
    {
      "type": "Feature",
      "geometry": {
        "type": "Polygon",
        "coordinates": [
          [
            [
              116.48524642778096,
              39.9291119702956
            ],
            [
              116.4875554301162,
              39.929122828511886
            ],
            [
              116.487541270227,
              39.930896061645406
            ],
            [
              116.48519922815032,
              39.93085986759114
            ],
            [
              116.48524642778096,
              39.9291119702956
            ]
          ]
        ]
      },
      "properties": {
        "id": "BJ-110105-0179",
        "landUseType": "commercial",
        "areaM2": 38234,
        "districtCode": "110105",
        "builtYear": 2013
      }
    },
    {
      "type": "Feature",
      "geometry": {
        "type": "Polygon",
        "coordinates": [
          [
            [
              116.48813322020702,
              39.92925821418849
            ],
            [
              116.48960367915474,
              39.92926242144653
            ],
            [
              116.48959819258991,
              39.93086334426728
            ],
            [
              116.48811493165756,
              39.930849320073825
            ],
            [
              116.48813322020702,
              39.92925821418849
            ]
          ]
        ]
      },
      "properties": {
        "id": "BJ-110105-0180",
        "landUseType": "green",
        "areaM2": 21513,
        "districtCode": "110105",
        "builtYear": 2011
      }
    },
    {
      "type": "Feature",
      "geometry": {
        "type": "Polygon",
        "coordinates": [
          [
            [
              116.49048225027758,
              39.92933054187128
            ],
            [
              116.49200080178933,
              39.929369343524215
            ],
            [
              116.49195020166388,
              39.93077150589422
            ],
            [
              116.49031358319273,
              39.93064216705111
            ],
            [
              116.49048225027758,
              39.92933054187128
            ]
          ]
        ]
      },
      "properties": {
        "id": "BJ-110105-0181",
        "landUseType": "residential",
        "areaM2": 21759,
        "districtCode": "110105",
        "builtYear": 2003
      }
    },
    {
      "type": "Feature",
      "geometry": {
        "type": "Polygon",
        "coordinates": [
          [
            [
              116.49272219693691,
              39.92905494232506
            ],
            [
              116.49429364687677,
              39.92906718715829
            ],
            [
              116.49427767874009,
              39.93082801339569
            ],
            [
              116.49266896981466,
              39.930787197284936
            ],
            [
              116.49272219693691,
              39.92905494232506
            ]
          ]
        ]
      },
      "properties": {
        "id": "BJ-110105-0182",
        "landUseType": "residential",
        "areaM2": 26611,
        "districtCode": "110105",
        "builtYear": 1999
      }
    },
    {
      "type": "Feature",
      "geometry": {
        "type": "Polygon",
        "coordinates": [
          [
            [
              116.49482573950067,
              39.92923350280316
            ],
            [
              116.49705899264657,
              39.9292505287432
            ],
            [
              116.49703678960527,
              39.930777551465596
            ],
            [
              116.49475172936305,
              39.930720798332125
            ],
            [
              116.49482573950067,
              39.92923350280316
            ]
          ]
        ]
      },
      "properties": {
        "id": "BJ-110105-0183",
        "landUseType": "residential",
        "areaM2": 32702,
        "districtCode": "110105",
        "builtYear": 2020
      }
    },
    {
      "type": "Feature",
      "geometry": {
        "type": "Polygon",
        "coordinates": [
          [
            [
              116.49733840740092,
              39.92902566481861
            ],
            [
              116.499475564976,
              39.92904818168188
            ],
            [
              116.49944620137883,
              39.93086059139128
            ],
            [
              116.49724052874369,
              39.930785535180384
            ],
            [
              116.49733840740092,
              39.92902566481861
            ]
          ]
        ]
      },
      "properties": {
        "id": "BJ-110105-0184",
        "landUseType": "green",
        "areaM2": 36811,
        "districtCode": "110105",
        "builtYear": 1994
      }
    },
    {
      "type": "Feature",
      "geometry": {
        "type": "Polygon",
        "coordinates": [
          [
            [
              116.48047844239228,
              39.93114650284523
            ],
            [
              116.48295412173874,
              39.93116298093607
            ],
            [
              116.48293263313191,
              39.93248175489767
            ],
            [
              116.48040681370287,
              39.93242682792818
            ],
            [
              116.48047844239228,
              39.93114650284523
            ]
          ]
        ]
      },
      "properties": {
        "id": "BJ-110105-0185",
        "landUseType": "industrial",
        "areaM2": 31883,
        "districtCode": "110105",
        "builtYear": 1981
      }
    },
    {
      "type": "Feature",
      "geometry": {
        "type": "Polygon",
        "coordinates": [
          [
            [
              116.48311711176245,
              39.93107772802597
            ],
            [
              116.48516143307737,
              39.9311113676347
            ],
            [
              116.48511756462608,
              39.932486747675654
            ],
            [
              116.48297088359148,
              39.93237461564656
            ],
            [
              116.48311711176245,
              39.93107772802597
            ]
          ]
        ]
      },
      "properties": {
        "id": "BJ-110105-0186",
        "landUseType": "residential",
        "areaM2": 28486,
        "districtCode": "110105",
        "builtYear": 2003
      }
    },
    {
      "type": "Feature",
      "geometry": {
        "type": "Polygon",
        "coordinates": [
          [
            [
              116.48537885271222,
              39.93113252425802
            ],
            [
              116.48774931847956,
              39.931159971062506
            ],
            [
              116.4877135258871,
              39.932496456590016
            ],
            [
              116.48525954407069,
              39.93240496724174
            ],
            [
              116.48537885271222,
              39.93113252425802
            ]
          ]
        ]
      },
      "properties": {
        "id": "BJ-110105-0187",
        "landUseType": "transportation",
        "areaM2": 31332,
        "districtCode": "110105",
        "builtYear": 2008
      }
    },
    {
      "type": "Feature",
      "geometry": {
        "type": "Polygon",
        "coordinates": [
          [
            [
              116.48814305184813,
              39.93084008368676
            ],
            [
              116.48956411648496,
              39.93085284062683
            ],
            [
              116.48954748052441,
              39.932757081899496
            ],
            [
              116.48808759864629,
              39.93271455876595
            ],
            [
              116.48814305184813,
              39.93084008368676
            ]
          ]
        ]
      },
      "properties": {
        "id": "BJ-110105-0188",
        "landUseType": "green",
        "areaM2": 26169,
        "districtCode": "110105",
        "builtYear": 2008
      }
    },
    {
      "type": "Feature",
      "geometry": {
        "type": "Polygon",
        "coordinates": [
          [
            [
              116.4905136407198,
              39.93105750057475
            ],
            [
              116.49200214592874,
              39.93106393519981
            ],
            [
              116.49199375471831,
              39.932584149430625
            ],
            [
              116.49048567001836,
              39.93256270068045
            ],
            [
              116.4905136407198,
              39.93105750057475
            ]
          ]
        ]
      },
      "properties": {
        "id": "BJ-110105-0189",
        "landUseType": "green",
        "areaM2": 21202,
        "districtCode": "110105",
        "builtYear": 2001
      }
    },
    {
      "type": "Feature",
      "geometry": {
        "type": "Polygon",
        "coordinates": [
          [
            [
              116.49250212698477,
              39.931011260489505
            ],
            [
              116.49483501417625,
              39.93102548595479
            ],
            [
              116.49481646315397,
              39.9326073055339
            ],
            [
              116.49244029024385,
              39.932559887316295
            ],
            [
              116.49250212698477,
              39.931011260489505
            ]
          ]
        ]
      },
      "properties": {
        "id": "BJ-110105-0190",
        "landUseType": "residential",
        "areaM2": 35472,
        "districtCode": "110105",
        "builtYear": 2009
      }
    },
    {
      "type": "Feature",
      "geometry": {
        "type": "Polygon",
        "coordinates": [
          [
            [
              116.4948704941046,
              39.930750713191635
            ],
            [
              116.49710093880113,
              39.9307998523559
            ],
            [
              116.49703685782292,
              39.932706210546264
            ],
            [
              116.49465689084391,
              39.93254241333208
            ],
            [
              116.4948704941046,
              39.930750713191635
            ]
          ]
        ]
      },
      "properties": {
        "id": "BJ-110105-0191",
        "landUseType": "industrial",
        "areaM2": 44661,
        "districtCode": "110105",
        "builtYear": 2000
      }
    },
    {
      "type": "Feature",
      "geometry": {
        "type": "Polygon",
        "coordinates": [
          [
            [
              116.4970944452413,
              39.93114301750951
            ],
            [
              116.49952941435224,
              39.93115717157556
            ],
            [
              116.49951095643966,
              39.932433180170634
            ],
            [
              116.49703291886604,
              39.93238599995047
            ],
            [
              116.4970944452413,
              39.93114301750951
            ]
          ]
        ]
      },
      "properties": {
        "id": "BJ-110105-0192",
        "landUseType": "commercial",
        "areaM2": 29629,
        "districtCode": "110105",
        "builtYear": 2008
      }
    },
    {
      "type": "Feature",
      "geometry": {
        "type": "Polygon",
        "coordinates": [
          [
            [
              116.4807825376929,
              39.93299547195966
            ],
            [
              116.48241909132392,
              39.93299892984904
            ],
            [
              116.4824145819893,
              39.93411187704225
            ],
            [
              116.48076750657751,
              39.934100350744295
            ],
            [
              116.4807825376929,
              39.93299547195966
            ]
          ]
        ]
      },
      "properties": {
        "id": "BJ-110105-0193",
        "landUseType": "residential",
        "areaM2": 16519,
        "districtCode": "110105",
        "builtYear": 1992
      }
    },
    {
      "type": "Feature",
      "geometry": {
        "type": "Polygon",
        "coordinates": [
          [
            [
              116.4832340796877,
              39.93273239179956
            ],
            [
              116.48501924098198,
              39.93276788919848
            ],
            [
              116.48497294983964,
              39.93431624011295
            ],
            [
              116.48307977587994,
              39.93419791544989
            ],
            [
              116.4832340796877,
              39.93273239179956
            ]
          ]
        ]
      },
      "properties": {
        "id": "BJ-110105-0194",
        "landUseType": "other",
        "areaM2": 27867,
        "districtCode": "110105",
        "builtYear": 1998
      }
    },
    {
      "type": "Feature",
      "geometry": {
        "type": "Polygon",
        "coordinates": [
          [
            [
              116.48510682867796,
              39.932603112657894
            ],
            [
              116.48765381117872,
              39.93261043556966
            ],
            [
              116.48764426157899,
              39.93438481446703
            ],
            [
              116.4850749966789,
              39.93436040476116
            ],
            [
              116.48510682867796,
              39.932603112657894
            ]
          ]
        ]
      },
      "properties": {
        "id": "BJ-110105-0195",
        "landUseType": "residential",
        "areaM2": 42221,
        "districtCode": "110105",
        "builtYear": 2011
      }
    },
    {
      "type": "Feature",
      "geometry": {
        "type": "Polygon",
        "coordinates": [
          [
            [
              116.48791580926365,
              39.932694188202426
            ],
            [
              116.48991854109414,
              39.93270148707445
            ],
            [
              116.48990902284396,
              39.93432185997731
            ],
            [
              116.48788408176304,
              39.934297530403896
            ],
            [
              116.48791580926365,
              39.932694188202426
            ]
          ]
        ]
      },
      "properties": {
        "id": "BJ-110105-0196",
        "landUseType": "commercial",
        "areaM2": 31069,
        "districtCode": "110105",
        "builtYear": 2015
      }
    },
    {
      "type": "Feature",
      "geometry": {
        "type": "Polygon",
        "coordinates": [
          [
            [
              116.49041800969594,
              39.933022991699836
            ],
            [
              116.49226927136934,
              39.93305337038892
            ],
            [
              116.49222965539006,
              39.934198444225565
            ],
            [
              116.49028595643168,
              39.93409718192863
            ],
            [
              116.49041800969594,
              39.933022991699836
            ]
          ]
        ]
      },
      "properties": {
        "id": "BJ-110105-0197",
        "landUseType": "residential",
        "areaM2": 20916,
        "districtCode": "110105",
        "builtYear": 1999
      }
    },
    {
      "type": "Feature",
      "geometry": {
        "type": "Polygon",
        "coordinates": [
          [
            [
              116.49253815131426,
              39.93294419039768
            ],
            [
              116.49468583177057,
              39.932962154901354
            ],
            [
              116.49466240477531,
              39.934182827399496
            ],
            [
              116.49246006133005,
              39.93412294572059
            ],
            [
              116.49253815131426,
              39.93294419039768
            ]
          ]
        ]
      },
      "properties": {
        "id": "BJ-110105-0198",
        "landUseType": "residential",
        "areaM2": 25795,
        "districtCode": "110105",
        "builtYear": 1995
      }
    },
    {
      "type": "Feature",
      "geometry": {
        "type": "Polygon",
        "coordinates": [
          [
            [
              116.49517489431993,
              39.93300048300271
            ],
            [
              116.49670295327951,
              39.93301548922716
            ],
            [
              116.49668338409153,
              39.93423698553816
            ],
            [
              116.49510966369336,
              39.93418696478998
            ],
            [
              116.49517489431993,
              39.93300048300271
            ]
          ]
        ]
      },
      "properties": {
        "id": "BJ-110105-0199",
        "landUseType": "industrial",
        "areaM2": 18233,
        "districtCode": "110105",
        "builtYear": 2001
      }
    },
    {
      "type": "Feature",
      "geometry": {
        "type": "Polygon",
        "coordinates": [
          [
            [
              116.49710650319192,
              39.9327854974581
            ],
            [
              116.49958225012837,
              39.93280406794208
            ],
            [
              116.49955803289151,
              39.934421274191614
            ],
            [
              116.49702577906909,
              39.934359372578335
            ],
            [
              116.49710650319192,
              39.9327854974581
            ]
          ]
        ]
      },
      "properties": {
        "id": "BJ-110105-0200",
        "landUseType": "residential",
        "areaM2": 37493,
        "districtCode": "110105",
        "builtYear": 2023
      }
    },
    {
      "type": "Feature",
      "geometry": {
        "type": "Polygon",
        "coordinates": [
          [
            [
              116.48058643779825,
              39.93477139547974
            ],
            [
              116.48271055455773,
              39.934800365205746
            ],
            [
              116.48267277596689,
              39.936001131881284
            ],
            [
              116.4804605091621,
              39.93590456612793
            ],
            [
              116.48058643779825,
              39.93477139547974
            ]
          ]
        ]
      },
      "properties": {
        "id": "BJ-110105-0201",
        "landUseType": "commercial",
        "areaM2": 25433,
        "districtCode": "110105",
        "builtYear": 2021
      }
    },
    {
      "type": "Feature",
      "geometry": {
        "type": "Polygon",
        "coordinates": [
          [
            [
              116.48317723245191,
              39.93445551966827
            ],
            [
              116.48517164252374,
              39.9344802305606
            ],
            [
              116.48513941775605,
              39.9361990181266
            ],
            [
              116.48306981655958,
              39.93611664848549
            ],
            [
              116.48317723245191,
              39.93445551966827
            ]
          ]
        ]
      },
      "properties": {
        "id": "BJ-110105-0202",
        "landUseType": "commercial",
        "areaM2": 33708,
        "districtCode": "110105",
        "builtYear": 2023
      }
    },
    {
      "type": "Feature",
      "geometry": {
        "type": "Polygon",
        "coordinates": [
          [
            [
              116.48562552957688,
              39.93441977299523
            ],
            [
              116.48712281804089,
              39.93442900786758
            ],
            [
              116.48711077510806,
              39.93628193168643
            ],
            [
              116.48558538646748,
              39.93625114877858
            ],
            [
              116.48562552957688,
              39.93441977299523
            ]
          ]
        ]
      },
      "properties": {
        "id": "BJ-110105-0203",
        "landUseType": "residential",
        "areaM2": 26094,
        "districtCode": "110105",
        "builtYear": 2022
      }
    },
    {
      "type": "Feature",
      "geometry": {
        "type": "Polygon",
        "coordinates": [
          [
            [
              116.48768930349443,
              39.934505530328025
            ],
            [
              116.4899964746217,
              39.93452340524417
            ],
            [
              116.48997316445497,
              39.93605191727397
            ],
            [
              116.48761160293864,
              39.93599233422014
            ],
            [
              116.48768930349443,
              39.934505530328025
            ]
          ]
        ]
      },
      "properties": {
        "id": "BJ-110105-0204",
        "landUseType": "residential",
        "areaM2": 34609,
        "districtCode": "110105",
        "builtYear": 2017
      }
    },
    {
      "type": "Feature",
      "geometry": {
        "type": "Polygon",
        "coordinates": [
          [
            [
              116.48990812063813,
              39.93439697996088
            ],
            [
              116.49237845673566,
              39.93439904981693
            ],
            [
              116.49237575749561,
              39.936153737183695
            ],
            [
              116.48989912317128,
              39.93614683766353
            ],
            [
              116.48990812063813,
              39.93439697996088
            ]
          ]
        ]
      },
      "properties": {
        "id": "BJ-110105-0205",
        "landUseType": "commercial",
        "areaM2": 39822,
        "districtCode": "110105",
        "builtYear": 2012
      }
    },
    {
      "type": "Feature",
      "geometry": {
        "type": "Polygon",
        "coordinates": [
          [
            [
              116.49275419726872,
              39.93450722244466
            ],
            [
              116.49435685073684,
              39.934537011531226
            ],
            [
              116.49431800364133,
              39.93622549016105
            ],
            [
              116.49262470695035,
              39.93612619320583
            ],
            [
              116.49275419726872,
              39.93450722244466
            ]
          ]
        ]
      },
      "properties": {
        "id": "BJ-110105-0206",
        "landUseType": "commercial",
        "areaM2": 27294,
        "districtCode": "110105",
        "builtYear": 2005
      }
    },
    {
      "type": "Feature",
      "geometry": {
        "type": "Polygon",
        "coordinates": [
          [
            [
              116.49494431513894,
              39.93449338096922
            ],
            [
              116.49678332023488,
              39.934493475597066
            ],
            [
              116.49678319683342,
              39.93612731012698
            ],
            [
              116.49494390380073,
              39.936126994700835
            ],
            [
              116.49494431513894,
              39.93449338096922
            ]
          ]
        ]
      },
      "properties": {
        "id": "BJ-110105-0207",
        "landUseType": "commercial",
        "areaM2": 28018,
        "districtCode": "110105",
        "builtYear": 2018
      }
    },
    {
      "type": "Feature",
      "geometry": {
        "type": "Polygon",
        "coordinates": [
          [
            [
              116.49725797695154,
              39.934539323033675
            ],
            [
              116.49945932527947,
              39.93454984770811
            ],
            [
              116.49944560035266,
              39.93609997454482
            ],
            [
              116.49721222719549,
              39.9360648922967
            ],
            [
              116.49725797695154,
              39.934539323033675
            ]
          ]
        ]
      },
      "properties": {
        "id": "BJ-110105-0208",
        "landUseType": "commercial",
        "areaM2": 32789,
        "districtCode": "110105",
        "builtYear": 2013
      }
    },
    {
      "type": "Feature",
      "geometry": {
        "type": "Polygon",
        "coordinates": [
          [
            [
              116.48051542965698,
              39.93616453225301
            ],
            [
              116.48298194838412,
              39.93618670719416
            ],
            [
              116.4829530306778,
              39.93804480499334
            ],
            [
              116.48041903730257,
              39.93797088852282
            ],
            [
              116.48051542965698,
              39.93616453225301
            ]
          ]
        ]
      },
      "properties": {
        "id": "BJ-110105-0209",
        "landUseType": "commercial",
        "areaM2": 44522,
        "districtCode": "110105",
        "builtYear": 2013
      }
    },
    {
      "type": "Feature",
      "geometry": {
        "type": "Polygon",
        "coordinates": [
          [
            [
              116.48324995234198,
              39.93657177426899
            ],
            [
              116.48501426231458,
              39.936574702225634
            ],
            [
              116.48501044405009,
              39.93773620019063
            ],
            [
              116.48323722479367,
              39.93772644033514
            ],
            [
              116.48324995234198,
              39.93657177426899
            ]
          ]
        ]
      },
      "properties": {
        "id": "BJ-110105-0210",
        "landUseType": "residential",
        "areaM2": 19008,
        "districtCode": "110105",
        "builtYear": 2021
      }
    },
    {
      "type": "Feature",
      "geometry": {
        "type": "Polygon",
        "coordinates": [
          [
            [
              116.4856221285448,
              39.9363445325334
            ],
            [
              116.4875562406621,
              39.93637916697511
            ],
            [
              116.48751107487757,
              39.93775908563859
            ],
            [
              116.48547157592971,
              39.93764363749955
            ],
            [
              116.4856221285448,
              39.9363445325334
            ]
          ]
        ]
      },
      "properties": {
        "id": "BJ-110105-0211",
        "landUseType": "green",
        "areaM2": 26859,
        "districtCode": "110105",
        "builtYear": 2004
      }
    },
    {
      "type": "Feature",
      "geometry": {
        "type": "Polygon",
        "coordinates": [
          [
            [
              116.4879437075254,
              39.93643148685712
            ],
            [
              116.48998203433042,
              39.936459385974196
            ],
            [
              116.48994565189005,
              39.93780693196306
            ],
            [
              116.48782243272417,
              39.93771393490614
            ],
            [
              116.4879437075254,
              39.93643148685712
            ]
          ]
        ]
      },
      "properties": {
        "id": "BJ-110105-0212",
        "landUseType": "other",
        "areaM2": 27252,
        "districtCode": "110105",
        "builtYear": 1986
      }
    },
    {
      "type": "Feature",
      "geometry": {
        "type": "Polygon",
        "coordinates": [
          [
            [
              116.49021490323156,
              39.93625258144652
            ],
            [
              116.4920202591895,
              39.93625264572158
            ],
            [
              116.49202017537023,
              39.93811962694413
            ],
            [
              116.49021462383399,
              39.938119412693915
            ],
            [
              116.49021490323156,
              39.93625258144652
            ]
          ]
        ]
      },
      "properties": {
        "id": "BJ-110105-0213",
        "landUseType": "commercial",
        "areaM2": 31280,
        "districtCode": "110105",
        "builtYear": null
      }
    },
    {
      "type": "Feature",
      "geometry": {
        "type": "Polygon",
        "coordinates": [
          [
            [
              116.49285905675559,
              39.93613950179967
            ],
            [
              116.49450957544857,
              39.936177954038556
            ],
            [
              116.49445943098398,
              39.938072314252274
            ],
            [
              116.49269190854031,
              39.93794414012266
            ],
            [
              116.49285905675559,
              39.93613950179967
            ]
          ]
        ]
      },
      "properties": {
        "id": "BJ-110105-0214",
        "landUseType": "residential",
        "areaM2": 32546,
        "districtCode": "110105",
        "builtYear": 2008
      }
    },
    {
      "type": "Feature",
      "geometry": {
        "type": "Polygon",
        "coordinates": [
          [
            [
              116.49521957428576,
              39.936399475200254
            ],
            [
              116.49665759780177,
              39.93642918962995
            ],
            [
              116.49661884806416,
              39.937957521228405
            ],
            [
              116.4950904084937,
              39.93785847312943
            ],
            [
              116.49521957428576,
              39.936399475200254
            ]
          ]
        ]
      },
      "properties": {
        "id": "BJ-110105-0215",
        "landUseType": "public",
        "areaM2": 22941,
        "districtCode": "110105",
        "builtYear": 2019
      }
    },
    {
      "type": "Feature",
      "geometry": {
        "type": "Polygon",
        "coordinates": [
          [
            [
              116.49763027380192,
              39.9363714874645
            ],
            [
              116.4993130134554,
              39.936412371935425
            ],
            [
              116.4992596971866,
              39.93784822059476
            ],
            [
              116.4974525529059,
              39.937711939025014
            ],
            [
              116.49763027380192,
              39.9363714874645
            ]
          ]
        ]
      },
      "properties": {
        "id": "BJ-110105-0216",
        "landUseType": "industrial",
        "areaM2": 25627,
        "districtCode": "110105",
        "builtYear": 1998
      }
    },
    {
      "type": "Feature",
      "geometry": {
        "type": "Polygon",
        "coordinates": [
          [
            [
              116.29100323519918,
              39.97213733273997
            ],
            [
              116.29243435987466,
              39.97216346752172
            ],
            [
              116.29240025332783,
              39.973671761858014
            ],
            [
              116.29088954670974,
              39.973584645918855
            ],
            [
              116.29100323519918,
              39.97213733273997
            ]
          ]
        ]
      },
      "properties": {
        "id": "BJ-110108-0217",
        "landUseType": "residential",
        "areaM2": 22169,
        "districtCode": "110108",
        "builtYear": 2020
      }
    },
    {
      "type": "Feature",
      "geometry": {
        "type": "Polygon",
        "coordinates": [
          [
            [
              116.29341349683602,
              39.97212523908503
            ],
            [
              116.29489184723191,
              39.972158950422035
            ],
            [
              116.2948478530901,
              39.97353811550609
            ],
            [
              116.29326684969665,
              39.97342574438274
            ],
            [
              116.29341349683602,
              39.97212523908503
            ]
          ]
        ]
      },
      "properties": {
        "id": "BJ-110108-0218",
        "landUseType": "transportation",
        "areaM2": 20642,
        "districtCode": "110108",
        "builtYear": 2021
      }
    },
    {
      "type": "Feature",
      "geometry": {
        "type": "Polygon",
        "coordinates": [
          [
            [
              116.2954898447884,
              39.972099132273556
            ],
            [
              116.29755806465815,
              39.972122943683935
            ],
            [
              116.29752699016933,
              39.97359131706264
            ],
            [
              116.295386263159,
              39.97351194569471
            ],
            [
              116.2954898447884,
              39.972099132273556
            ]
          ]
        ]
      },
      "properties": {
        "id": "BJ-110108-0219",
        "landUseType": "commercial",
        "areaM2": 29370,
        "districtCode": "110108",
        "builtYear": 2021
      }
    },
    {
      "type": "Feature",
      "geometry": {
        "type": "Polygon",
        "coordinates": [
          [
            [
              116.29790285195776,
              39.97231398180993
            ],
            [
              116.29971160351276,
              39.97232543976546
            ],
            [
              116.29969665059292,
              39.97346584822365
            ],
            [
              116.29785300889158,
              39.973427655038556
            ],
            [
              116.29790285195776,
              39.97231398180993
            ]
          ]
        ]
      },
      "properties": {
        "id": "BJ-110108-0220",
        "landUseType": "green",
        "areaM2": 19509,
        "districtCode": "110108",
        "builtYear": 2003
      }
    },
    {
      "type": "Feature",
      "geometry": {
        "type": "Polygon",
        "coordinates": [
          [
            [
              116.30008364815535,
              39.97198487552703
            ],
            [
              116.30216284173066,
              39.971985851992436
            ],
            [
              116.30216156741876,
              39.97382841378095
            ],
            [
              116.30007940044906,
              39.97382515889627
            ],
            [
              116.30008364815535,
              39.97198487552703
            ]
          ]
        ]
      },
      "properties": {
        "id": "BJ-110108-0221",
        "landUseType": "commercial",
        "areaM2": 34535,
        "districtCode": "110108",
        "builtYear": 2006
      }
    },
    {
      "type": "Feature",
      "geometry": {
        "type": "Polygon",
        "coordinates": [
          [
            [
              116.30232389574749,
              39.97223809496003
            ],
            [
              116.30487524173917,
              39.97224558699948
            ],
            [
              116.30486546443944,
              39.973541699323164
            ],
            [
              116.30229130474844,
              39.973516725858346
            ],
            [
              116.30232389574749,
              39.97223809496003
            ]
          ]
        ]
      },
      "properties": {
        "id": "BJ-110108-0222",
        "landUseType": "green",
        "areaM2": 31162,
        "districtCode": "110108",
        "builtYear": 2002
      }
    },
    {
      "type": "Feature",
      "geometry": {
        "type": "Polygon",
        "coordinates": [
          [
            [
              116.30496324438339,
              39.97225066937527
            ],
            [
              116.30722489667146,
              39.97228800674387
            ],
            [
              116.30717617046732,
              39.973572976092285
            ],
            [
              116.30480082370292,
              39.973448518196975
            ],
            [
              116.30496324438339,
              39.97225066937527
            ]
          ]
        ]
      },
      "properties": {
        "id": "BJ-110108-0223",
        "landUseType": "residential",
        "areaM2": 29356,
        "districtCode": "110108",
        "builtYear": 2022
      }
    },
    {
      "type": "Feature",
      "geometry": {
        "type": "Polygon",
        "coordinates": [
          [
            [
              116.3073725670572,
              39.972097607151
            ],
            [
              116.30935880004542,
              39.97211713373576
            ],
            [
              116.30933331736169,
              39.973540566484814
            ],
            [
              116.30728762477811,
              39.97347547786896
            ],
            [
              116.3073725670572,
              39.972097607151
            ]
          ]
        ]
      },
      "properties": {
        "id": "BJ-110108-0224",
        "landUseType": "commercial",
        "areaM2": 27714,
        "districtCode": "110108",
        "builtYear": 2018
      }
    },
    {
      "type": "Feature",
      "geometry": {
        "type": "Polygon",
        "coordinates": [
          [
            [
              116.29102184474984,
              39.97385341682714
            ],
            [
              116.29254190451374,
              39.973877183188684
            ],
            [
              116.29251088881479,
              39.97552150640404
            ],
            [
              116.29091845908665,
              39.97544228519891
            ],
            [
              116.29102184474984,
              39.97385341682714
            ]
          ]
        ]
      },
      "properties": {
        "id": "BJ-110108-0225",
        "landUseType": "public",
        "areaM2": 24468,
        "districtCode": "110108",
        "builtYear": 2016
      }
    },
    {
      "type": "Feature",
      "geometry": {
        "type": "Polygon",
        "coordinates": [
          [
            [
              116.29293692769382,
              39.97378047715858
            ],
            [
              116.29534902153463,
              39.973799527102884
            ],
            [
              116.29532416087868,
              39.97550597533201
            ],
            [
              116.29285405884063,
              39.975442475517674
            ],
            [
              116.29293692769382,
              39.97378047715858
            ]
          ]
        ]
      },
      "properties": {
        "id": "BJ-110108-0226",
        "landUseType": "public",
        "areaM2": 39115,
        "districtCode": "110108",
        "builtYear": 2012
      }
    },
    {
      "type": "Feature",
      "geometry": {
        "type": "Polygon",
        "coordinates": [
          [
            [
              116.29544074259815,
              39.97403876845067
            ],
            [
              116.29755116022265,
              39.9740506908401
            ],
            [
              116.29753560120488,
              39.97533126550071
            ],
            [
              116.2953888792056,
              39.97529152420261
            ],
            [
              116.29544074259815,
              39.97403876845067
            ]
          ]
        ]
      },
      "properties": {
        "id": "BJ-110108-0227",
        "landUseType": "industrial",
        "areaM2": 24951,
        "districtCode": "110108",
        "builtYear": 2008
      }
    },
    {
      "type": "Feature",
      "geometry": {
        "type": "Polygon",
        "coordinates": [
          [
            [
              116.29784641632554,
              39.973688609327304
            ],
            [
              116.29972621494363,
              39.973693786007104
            ],
            [
              116.29971945924642,
              39.97550876155924
            ],
            [
              116.29782389733485,
              39.9754915059599
            ],
            [
              116.29784641632554,
              39.973688609327304
            ]
          ]
        ]
      },
      "properties": {
        "id": "BJ-110108-0228",
        "landUseType": "public",
        "areaM2": 31592,
        "districtCode": "110108",
        "builtYear": 2014
      }
    },
    {
      "type": "Feature",
      "geometry": {
        "type": "Polygon",
        "coordinates": [
          [
            [
              116.30005736019571,
              39.97374209847824
            ],
            [
              116.30252558761971,
              39.97376802779665
            ],
            [
              116.3024917492077,
              39.97568307913443
            ],
            [
              116.299944565489,
              39.975596648073065
            ],
            [
              116.30005736019571,
              39.97374209847824
            ]
          ]
        ]
      },
      "properties": {
        "id": "BJ-110108-0229",
        "landUseType": "residential",
        "areaM2": 46596,
        "districtCode": "110108",
        "builtYear": 2021
      }
    },
    {
      "type": "Feature",
      "geometry": {
        "type": "Polygon",
        "coordinates": [
          [
            [
              116.30268296420233,
              39.97411044921521
            ],
            [
              116.30466365987375,
              39.97412292146191
            ],
            [
              116.30464738327844,
              39.97529499077337
            ],
            [
              116.30262870888461,
              39.975253416617704
            ],
            [
              116.30268296420233,
              39.97411044921521
            ]
          ]
        ]
      },
      "properties": {
        "id": "BJ-110108-0230",
        "landUseType": "public",
        "areaM2": 21831,
        "districtCode": "110108",
        "builtYear": 2019
      }
    },
    {
      "type": "Feature",
      "geometry": {
        "type": "Polygon",
        "coordinates": [
          [
            [
              116.3050956118527,
              39.973718282267534
            ],
            [
              116.30697941623572,
              39.97376313397993
            ],
            [
              116.30692088362412,
              39.97570121738668
            ],
            [
              116.30490050314735,
              39.97555171167869
            ],
            [
              116.3050956118527,
              39.973718282267534
            ]
          ]
        ]
      },
      "properties": {
        "id": "BJ-110108-0231",
        "landUseType": "public",
        "areaM2": 37977,
        "districtCode": "110108",
        "builtYear": 2010
      }
    },
    {
      "type": "Feature",
      "geometry": {
        "type": "Polygon",
        "coordinates": [
          [
            [
              116.30755172302376,
              39.97378237790722
            ],
            [
              116.30913993375515,
              39.973800736891796
            ],
            [
              116.30911597481901,
              39.975460382703496
            ],
            [
              116.30747185990327,
              39.975399186088254
            ],
            [
              116.30755172302376,
              39.97378237790722
            ]
          ]
        ]
      },
      "properties": {
        "id": "BJ-110108-0232",
        "landUseType": "residential",
        "areaM2": 25010,
        "districtCode": "110108",
        "builtYear": 2003
      }
    },
    {
      "type": "Feature",
      "geometry": {
        "type": "Polygon",
        "coordinates": [
          [
            [
              116.29081677007183,
              39.9756792318858
            ],
            [
              116.29262564515557,
              39.97567924398232
            ],
            [
              116.29262562936931,
              39.977175792738095
            ],
            [
              116.29081671745097,
              39.97717575241637
            ],
            [
              116.29081677007183,
              39.9756792318858
            ]
          ]
        ]
      },
      "properties": {
        "id": "BJ-110108-0233",
        "landUseType": "residential",
        "areaM2": 25178,
        "districtCode": "110108",
        "builtYear": 2019
      }
    },
    {
      "type": "Feature",
      "geometry": {
        "type": "Polygon",
        "coordinates": [
          [
            [
              116.29298614328228,
              39.97585964804319
            ],
            [
              116.29498870076371,
              39.975860300105175
            ],
            [
              116.29498784980643,
              39.97714038217378
            ],
            [
              116.29298330675803,
              39.97713820863383
            ],
            [
              116.29298614328228,
              39.97585964804319
            ]
          ]
        ]
      },
      "properties": {
        "id": "BJ-110108-0234",
        "landUseType": "green",
        "areaM2": 23445,
        "districtCode": "110108",
        "builtYear": 2002
      }
    },
    {
      "type": "Feature",
      "geometry": {
        "type": "Polygon",
        "coordinates": [
          [
            [
              116.29526678480451,
              39.97577852230174
            ],
            [
              116.2976613662182,
              39.97578226759401
            ],
            [
              116.29765647851767,
              39.97716870498847
            ],
            [
              116.29525049246942,
              39.977156220680875
            ],
            [
              116.29526678480451,
              39.97577852230174
            ]
          ]
        ]
      },
      "properties": {
        "id": "BJ-110108-0235",
        "landUseType": "industrial",
        "areaM2": 30927,
        "districtCode": "110108",
        "builtYear": 2002
      }
    },
    {
      "type": "Feature",
      "geometry": {
        "type": "Polygon",
        "coordinates": [
          [
            [
              116.29779274430429,
              39.9756344479763
            ],
            [
              116.29993436046654,
              39.975656414033715
            ],
            [
              116.2999056942097,
              39.977142876159405
            ],
            [
              116.29769719011482,
              39.977069655968016
            ],
            [
              116.29779274430429,
              39.9756344479763
            ]
          ]
        ]
      },
      "properties": {
        "id": "BJ-110108-0236",
        "landUseType": "transportation",
        "areaM2": 31094,
        "districtCode": "110108",
        "builtYear": 2011
      }
    },
    {
      "type": "Feature",
      "geometry": {
        "type": "Polygon",
        "coordinates": [
          [
            [
              116.30027583153114,
              39.97579728408545
            ],
            [
              116.3022557240728,
              39.97582047370256
            ],
            [
              116.30222546103981,
              39.977161503259914
            ],
            [
              116.30017495475454,
              39.977084204536226
            ],
            [
              116.30027583153114,
              39.97579728408545
            ]
          ]
        ]
      },
      "properties": {
        "id": "BJ-110108-0237",
        "landUseType": "public",
        "areaM2": 26238,
        "districtCode": "110108",
        "builtYear": 2016
      }
    },
    {
      "type": "Feature",
      "geometry": {
        "type": "Polygon",
        "coordinates": [
          [
            [
              116.30281423553055,
              39.97571798377022
            ],
            [
              116.3043520158012,
              39.97575624233528
            ],
            [
              116.30430208741252,
              39.97731082324707
            ],
            [
              116.30264780756829,
              39.977183294696864
            ],
            [
              116.30281423553055,
              39.97571798377022
            ]
          ]
        ]
      },
      "properties": {
        "id": "BJ-110108-0238",
        "landUseType": "commercial",
        "areaM2": 24898,
        "districtCode": "110108",
        "builtYear": 2024
      }
    },
    {
      "type": "Feature",
      "geometry": {
        "type": "Polygon",
        "coordinates": [
          [
            [
              116.30494890543414,
              39.97558021111523
            ],
            [
              116.30732342391778,
              39.97562561331749
            ],
            [
              116.30726417290307,
              39.97739604834669
            ],
            [
              116.30475140205178,
              39.97724470767249
            ],
            [
              116.30494890543414,
              39.97558021111523
            ]
          ]
        ]
      },
      "properties": {
        "id": "BJ-110108-0239",
        "landUseType": "industrial",
        "areaM2": 43210,
        "districtCode": "110108",
        "builtYear": 2017
      }
    },
    {
      "type": "Feature",
      "geometry": {
        "type": "Polygon",
        "coordinates": [
          [
            [
              116.30763906005448,
              39.97579050259039
            ],
            [
              116.30924318636892,
              39.975819217539005
            ],
            [
              116.30920571263948,
              39.97700480634707
            ],
            [
              116.30751414762307,
              39.97690908985168
            ],
            [
              116.30763906005448,
              39.97579050259039
            ]
          ]
        ]
      },
      "properties": {
        "id": "BJ-110108-0240",
        "landUseType": "residential",
        "areaM2": 18932,
        "districtCode": "110108",
        "builtYear": 2017
      }
    },
    {
      "type": "Feature",
      "geometry": {
        "type": "Polygon",
        "coordinates": [
          [
            [
              116.29065287499257,
              39.977262295189824
            ],
            [
              116.2930089944734,
              39.97730846608469
            ],
            [
              116.29294874029553,
              39.97914927505308
            ],
            [
              116.290452027733,
              39.978995372070194
            ],
            [
              116.29065287499257,
              39.977262295189824
            ]
          ]
        ]
      },
      "properties": {
        "id": "BJ-110108-0241",
        "landUseType": "other",
        "areaM2": 44758,
        "districtCode": "110108",
        "builtYear": 2007
      }
    },
    {
      "type": "Feature",
      "geometry": {
        "type": "Polygon",
        "coordinates": [
          [
            [
              116.29319664312756,
              39.977578065020936
            ],
            [
              116.29508218017781,
              39.977580770383106
            ],
            [
              116.29507864961221,
              39.97898601336045
            ],
            [
              116.29318487457554,
              39.97897699548655
            ],
            [
              116.29319664312756,
              39.977578065020936
            ]
          ]
        ]
      },
      "properties": {
        "id": "BJ-110108-0242",
        "landUseType": "residential",
        "areaM2": 24032,
        "districtCode": "110108",
        "builtYear": 2023
      }
    },
    {
      "type": "Feature",
      "geometry": {
        "type": "Polygon",
        "coordinates": [
          [
            [
              116.29568050713249,
              39.97763169375149
            ],
            [
              116.29735665846053,
              39.97765139849647
            ],
            [
              116.29733094327324,
              39.97885150662047
            ],
            [
              116.2955947898415,
              39.978785824137205
            ],
            [
              116.29568050713249,
              39.97763169375149
            ]
          ]
        ]
      },
      "properties": {
        "id": "BJ-110108-0243",
        "landUseType": "public",
        "areaM2": 20138,
        "districtCode": "110108",
        "builtYear": 1996
      }
    },
    {
      "type": "Feature",
      "geometry": {
        "type": "Polygon",
        "coordinates": [
          [
            [
              116.29773085246723,
              39.97765632398671
            ],
            [
              116.30016216273636,
              39.977682924014786
            ],
            [
              116.30012744903136,
              39.97874911173357
            ],
            [
              116.29761514011726,
              39.9786604449733
            ],
            [
              116.29773085246723,
              39.97765632398671
            ]
          ]
        ]
      },
      "properties": {
        "id": "BJ-110108-0244",
        "landUseType": "public",
        "areaM2": 25022,
        "districtCode": "110108",
        "builtYear": 2024
      }
    },
    {
      "type": "Feature",
      "geometry": {
        "type": "Polygon",
        "coordinates": [
          [
            [
              116.30047426901315,
              39.977333552735345
            ],
            [
              116.30216603238077,
              39.977373629625866
            ],
            [
              116.3021137310317,
              39.97897108740637
            ],
            [
              116.30029993118288,
              39.978837497771316
            ],
            [
              116.30047426901315,
              39.977333552735345
            ]
          ]
        ]
      },
      "properties": {
        "id": "BJ-110108-0245",
        "landUseType": "residential",
        "areaM2": 27667,
        "districtCode": "110108",
        "builtYear": 2008
      }
    },
    {
      "type": "Feature",
      "geometry": {
        "type": "Polygon",
        "coordinates": [
          [
            [
              116.30281885073151,
              39.97760712822734
            ],
            [
              116.30455299177565,
              39.977624458567924
            ],
            [
              116.30453037524576,
              39.978780052798946
            ],
            [
              116.30274346229854,
              39.97872228499701
            ],
            [
              116.30281885073151,
              39.97760712822734
            ]
          ]
        ]
      },
      "properties": {
        "id": "BJ-110108-0246",
        "landUseType": "industrial",
        "areaM2": 19471,
        "districtCode": "110108",
        "builtYear": 1983
      }
    },
    {
      "type": "Feature",
      "geometry": {
        "type": "Polygon",
        "coordinates": [
          [
            [
              116.30506806784499,
              39.97764095184852
            ],
            [
              116.30696827852236,
              39.97765526344385
            ],
            [
              116.30694960153086,
              39.978739148194705
            ],
            [
              116.30500581120666,
              39.97869144287693
            ],
            [
              116.30506806784499,
              39.97764095184852
            ]
          ]
        ]
      },
      "properties": {
        "id": "BJ-110108-0247",
        "landUseType": "public",
        "areaM2": 19732,
        "districtCode": "110108",
        "builtYear": 1993
      }
    },
    {
      "type": "Feature",
      "geometry": {
        "type": "Polygon",
        "coordinates": [
          [
            [
              116.30758628844335,
              39.97735638284239
            ],
            [
              116.30928903380529,
              39.977385406066524
            ],
            [
              116.30925115776856,
              39.97902813868907
            ],
            [
              116.30746003498759,
              39.9789313946086
            ],
            [
              116.30758628844335,
              39.97735638284239
            ]
          ]
        ]
      },
      "properties": {
        "id": "BJ-110108-0248",
        "landUseType": "commercial",
        "areaM2": 28169,
        "districtCode": "110108",
        "builtYear": 2024
      }
    },
    {
      "type": "Feature",
      "geometry": {
        "type": "Polygon",
        "coordinates": [
          [
            [
              116.29084700643796,
              39.97919973912464
            ],
            [
              116.29247216275333,
              39.97920873175854
            ],
            [
              116.29246042714014,
              39.980821365591275
            ],
            [
              116.29080788772734,
              39.98079139014495
            ],
            [
              116.29084700643796,
              39.97919973912464
            ]
          ]
        ]
      },
      "properties": {
        "id": "BJ-110108-0249",
        "landUseType": "residential",
        "areaM2": 25325,
        "districtCode": "110108",
        "builtYear": 2016
      }
    },
    {
      "type": "Feature",
      "geometry": {
        "type": "Polygon",
        "coordinates": [
          [
            [
              116.2928523524574,
              39.979294026948764
            ],
            [
              116.29528240484964,
              39.97931147990023
            ],
            [
              116.29525962830947,
              39.98065472123828
            ],
            [
              116.29277643065679,
              39.98059654473338
            ],
            [
              116.2928523524574,
              39.979294026948764
            ]
          ]
        ]
      },
      "properties": {
        "id": "BJ-110108-0250",
        "landUseType": "residential",
        "areaM2": 31629,
        "districtCode": "110108",
        "builtYear": 2010
      }
    },
    {
      "type": "Feature",
      "geometry": {
        "type": "Polygon",
        "coordinates": [
          [
            [
              116.29555825305371,
              39.97906161756939
            ],
            [
              116.29744179795597,
              39.979097774039516
            ],
            [
              116.29739461285399,
              39.980827974544155
            ],
            [
              116.29540096938048,
              39.98070745297706
            ],
            [
              116.29555825305371,
              39.97906161756939
            ]
          ]
        ]
      },
      "properties": {
        "id": "BJ-110108-0251",
        "landUseType": "public",
        "areaM2": 33264,
        "districtCode": "110108",
        "builtYear": 1999
      }
    },
    {
      "type": "Feature",
      "geometry": {
        "type": "Polygon",
        "coordinates": [
          [
            [
              116.29776778602593,
              39.97929231440901
            ],
            [
              116.30010963427034,
              39.97932774753505
            ],
            [
              116.30006339315058,
              39.980733336573365
            ],
            [
              116.29761364896004,
              39.98061522615321
            ],
            [
              116.29776778602593,
              39.97929231440901
            ]
          ]
        ]
      },
      "properties": {
        "id": "BJ-110108-0252",
        "landUseType": "public",
        "areaM2": 32908,
        "districtCode": "110108",
        "builtYear": 2021
      }
    },
    {
      "type": "Feature",
      "geometry": {
        "type": "Polygon",
        "coordinates": [
          [
            [
              116.30027753585003,
              39.97903458343084
            ],
            [
              116.30223480280657,
              39.97904628119811
            ],
            [
              116.30221953692637,
              39.98086294181703
            ],
            [
              116.30022664958268,
              39.98082394925946
            ],
            [
              116.30027753585003,
              39.97903458343084
            ]
          ]
        ]
      },
      "properties": {
        "id": "BJ-110108-0253",
        "landUseType": "green",
        "areaM2": 33215,
        "districtCode": "110108",
        "builtYear": 2011
      }
    },
    {
      "type": "Feature",
      "geometry": {
        "type": "Polygon",
        "coordinates": [
          [
            [
              116.30237953327979,
              39.97901820336968
            ],
            [
              116.30467716982665,
              39.97902112199956
            ],
            [
              116.30467336094134,
              39.98096179311141
            ],
            [
              116.30236683699539,
              39.98095206434515
            ],
            [
              116.30237953327979,
              39.97901820336968
            ]
          ]
        ]
      },
      "properties": {
        "id": "BJ-110108-0254",
        "landUseType": "residential",
        "areaM2": 40577,
        "districtCode": "110108",
        "builtYear": 1988
      }
    },
    {
      "type": "Feature",
      "geometry": {
        "type": "Polygon",
        "coordinates": [
          [
            [
              116.30510638059694,
              39.979278000727966
            ],
            [
              116.30710562987733,
              39.97931314645382
            ],
            [
              116.30705976382202,
              39.980848796046544
            ],
            [
              116.30495349374594,
              39.98073164362703
            ],
            [
              116.30510638059694,
              39.979278000727966
            ]
          ]
        ]
      },
      "properties": {
        "id": "BJ-110108-0255",
        "landUseType": "green",
        "areaM2": 31053,
        "districtCode": "110108",
        "builtYear": 2010
      }
    },
    {
      "type": "Feature",
      "geometry": {
        "type": "Polygon",
        "coordinates": [
          [
            [
              116.30743500056431,
              39.97923901281469
            ],
            [
              116.30946345986736,
              39.97925365118247
            ],
            [
              116.30944435642961,
              39.980733418387494
            ],
            [
              116.30737132243848,
              39.98068462382823
            ],
            [
              116.30743500056431,
              39.97923901281469
            ]
          ]
        ]
      },
      "properties": {
        "id": "BJ-110108-0256",
        "landUseType": "public",
        "areaM2": 29227,
        "districtCode": "110108",
        "builtYear": 2009
      }
    },
    {
      "type": "Feature",
      "geometry": {
        "type": "Polygon",
        "coordinates": [
          [
            [
              116.29061379064385,
              39.980870366467165
            ],
            [
              116.29264043638663,
              39.98087836855084
            ],
            [
              116.29262999346638,
              39.982698705097654
            ],
            [
              116.29057898090967,
              39.98267203148541
            ],
            [
              116.29061379064385,
              39.980870366467165
            ]
          ]
        ]
      },
      "properties": {
        "id": "BJ-110108-0257",
        "landUseType": "transportation",
        "areaM2": 34715,
        "districtCode": "110108",
        "builtYear": 2006
      }
    },
    {
      "type": "Feature",
      "geometry": {
        "type": "Polygon",
        "coordinates": [
          [
            [
              116.2930332524004,
              39.98106683577498
            ],
            [
              116.29517781677653,
              39.98111044121498
            ],
            [
              116.29512091058172,
              39.9825959066058
            ],
            [
              116.29284356508438,
              39.98245055513915
            ],
            [
              116.2930332524004,
              39.98106683577498
            ]
          ]
        ]
      },
      "properties": {
        "id": "BJ-110108-0258",
        "landUseType": "commercial",
        "areaM2": 33181,
        "districtCode": "110108",
        "builtYear": null
      }
    },
    {
      "type": "Feature",
      "geometry": {
        "type": "Polygon",
        "coordinates": [
          [
            [
              116.29538273686927,
              39.98109691822224
            ],
            [
              116.29731451270231,
              39.9811017693511
            ],
            [
              116.29730818185728,
              39.98253077726791
            ],
            [
              116.29536163405245,
              39.9825146068384
            ],
            [
              116.29538273686927,
              39.98109691822224
            ]
          ]
        ]
      },
      "properties": {
        "id": "BJ-110108-0259",
        "landUseType": "residential",
        "areaM2": 25564,
        "districtCode": "110108",
        "builtYear": 2008
      }
    },
    {
      "type": "Feature",
      "geometry": {
        "type": "Polygon",
        "coordinates": [
          [
            [
              116.297730909026,
              39.98101020203728
            ],
            [
              116.30012918300683,
              39.98103883615268
            ],
            [
              116.30009181476679,
              39.98258584163922
            ],
            [
              116.29760634822586,
              39.9824903945879
            ],
            [
              116.297730909026,
              39.98101020203728
            ]
          ]
        ]
      },
      "properties": {
        "id": "BJ-110108-0260",
        "landUseType": "residential",
        "areaM2": 37350,
        "districtCode": "110108",
        "builtYear": 2022
      }
    },
    {
      "type": "Feature",
      "geometry": {
        "type": "Polygon",
        "coordinates": [
          [
            [
              116.30033523016426,
              39.98110747121124
            ],
            [
              116.3022162600378,
              39.981130311299594
            ],
            [
              116.30218645314862,
              39.98248318010451
            ],
            [
              116.30023587386701,
              39.98240704647666
            ],
            [
              116.30033523016426,
              39.98110747121124
            ]
          ]
        ]
      },
      "properties": {
        "id": "BJ-110108-0261",
        "landUseType": "residential",
        "areaM2": 25147,
        "districtCode": "110108",
        "builtYear": 2007
      }
    },
    {
      "type": "Feature",
      "geometry": {
        "type": "Polygon",
        "coordinates": [
          [
            [
              116.3025536871851,
              39.981135325470184
            ],
            [
              116.30461280394603,
              39.981137726444835
            ],
            [
              116.30460967061379,
              39.98252563964315
            ],
            [
              116.30254324274429,
              39.98251763639433
            ],
            [
              116.3025536871851,
              39.981135325470184
            ]
          ]
        ]
      },
      "properties": {
        "id": "BJ-110108-0262",
        "landUseType": "green",
        "areaM2": 26994,
        "districtCode": "110108",
        "builtYear": 2013
      }
    },
    {
      "type": "Feature",
      "geometry": {
        "type": "Polygon",
        "coordinates": [
          [
            [
              116.30497671147933,
              39.98120478673635
            ],
            [
              116.30712841215559,
              39.9812226613463
            ],
            [
              116.3071050853405,
              39.98238446985379
            ],
            [
              116.30489895542902,
              39.98232488782064
            ],
            [
              116.30497671147933,
              39.98120478673635
            ]
          ]
        ]
      },
      "properties": {
        "id": "BJ-110108-0263",
        "landUseType": "residential",
        "areaM2": 24406,
        "districtCode": "110108",
        "builtYear": 2014
      }
    },
    {
      "type": "Feature",
      "geometry": {
        "type": "Polygon",
        "coordinates": [
          [
            [
              116.3074688734741,
              39.98100955810511
            ],
            [
              116.30940000001,
              39.98102924217322
            ],
            [
              116.30937431180654,
              39.982571571932326
            ],
            [
              116.3073832461292,
              39.98250595837194
            ],
            [
              116.3074688734741,
              39.98100955810511
            ]
          ]
        ]
      },
      "properties": {
        "id": "BJ-110108-0264",
        "landUseType": "public",
        "areaM2": 28227,
        "districtCode": "110108",
        "builtYear": 2010
      }
    },
    {
      "type": "Feature",
      "geometry": {
        "type": "Polygon",
        "coordinates": [
          [
            [
              116.29088905420363,
              39.98282054841295
            ],
            [
              116.29274352919347,
              39.98285929265354
            ],
            [
              116.29269296698602,
              39.984277344830595
            ],
            [
              116.29072051351216,
              39.98414819736196
            ],
            [
              116.29088905420363,
              39.98282054841295
            ]
          ]
        ]
      },
      "properties": {
        "id": "BJ-110108-0265",
        "landUseType": "residential",
        "areaM2": 26957,
        "districtCode": "110108",
        "builtYear": null
      }
    },
    {
      "type": "Feature",
      "geometry": {
        "type": "Polygon",
        "coordinates": [
          [
            [
              116.29309372678033,
              39.98284328179557
            ],
            [
              116.29522263536428,
              39.982862144266406
            ],
            [
              116.2951980193659,
              39.984277941402816
            ],
            [
              116.2930116734524,
              39.98421506650001
            ],
            [
              116.29309372678033,
              39.98284328179557
            ]
          ]
        ]
      },
      "properties": {
        "id": "BJ-110108-0266",
        "landUseType": "green",
        "areaM2": 28717,
        "districtCode": "110108",
        "builtYear": 2007
      }
    },
    {
      "type": "Feature",
      "geometry": {
        "type": "Polygon",
        "coordinates": [
          [
            [
              116.29532266005997,
              39.98262536671908
            ],
            [
              116.2973602708991,
              39.982627152028684
            ],
            [
              116.29735794102521,
              39.98436586051282
            ],
            [
              116.29531489381367,
              39.9843599094808
            ],
            [
              116.29532266005997,
              39.98262536671908
            ]
          ]
        ]
      },
      "properties": {
        "id": "BJ-110108-0267",
        "landUseType": "industrial",
        "areaM2": 32065,
        "districtCode": "110108",
        "builtYear": 2011
      }
    },
    {
      "type": "Feature",
      "geometry": {
        "type": "Polygon",
        "coordinates": [
          [
            [
              116.29796543460084,
              39.98263912094767
            ],
            [
              116.29971774103993,
              39.982666967919556
            ],
            [
              116.29968140004193,
              39.984453412982525
            ],
            [
              116.29784429794086,
              39.984360589742884
            ],
            [
              116.29796543460084,
              39.98263912094767
            ]
          ]
        ]
      },
      "properties": {
        "id": "BJ-110108-0268",
        "landUseType": "residential",
        "areaM2": 31393,
        "districtCode": "110108",
        "builtYear": 2022
      }
    },
    {
      "type": "Feature",
      "geometry": {
        "type": "Polygon",
        "coordinates": [
          [
            [
              116.30055179461466,
              39.98272319706678
            ],
            [
              116.30199845139768,
              39.982734074676436
            ],
            [
              116.30198425584378,
              39.9844600536342
            ],
            [
              116.30050447610166,
              39.98442379493537
            ],
            [
              116.30055179461466,
              39.98272319706678
            ]
          ]
        ]
      },
      "properties": {
        "id": "BJ-110108-0269",
        "landUseType": "residential",
        "areaM2": 24048,
        "districtCode": "110108",
        "builtYear": 2013
      }
    },
    {
      "type": "Feature",
      "geometry": {
        "type": "Polygon",
        "coordinates": [
          [
            [
              116.30287153519659,
              39.982909092328825
            ],
            [
              116.30453005383302,
              39.982939014750094
            ],
            [
              116.30449100432145,
              39.98430279547754
            ],
            [
              116.30274137015797,
              39.98420305407329
            ],
            [
              116.30287153519659,
              39.982909092328825
            ]
          ]
        ]
      },
      "properties": {
        "id": "BJ-110108-0270",
        "landUseType": "residential",
        "areaM2": 22260,
        "districtCode": "110108",
        "builtYear": 2023
      }
    },
    {
      "type": "Feature",
      "geometry": {
        "type": "Polygon",
        "coordinates": [
          [
            [
              116.30484744869241,
              39.98274418267587
            ],
            [
              116.3072437163395,
              39.98277399618448
            ],
            [
              116.30720480896169,
              39.98439387493039
            ],
            [
              116.30471775743305,
              39.98429449656839
            ],
            [
              116.30484744869241,
              39.98274418267587
            ]
          ]
        ]
      },
      "properties": {
        "id": "BJ-110108-0271",
        "landUseType": "green",
        "areaM2": 37247,
        "districtCode": "110108",
        "builtYear": 1996
      }
    },
    {
      "type": "Feature",
      "geometry": {
        "type": "Polygon",
        "coordinates": [
          [
            [
              116.30775407664589,
              39.98275544405855
            ],
            [
              116.30924642167149,
              39.98279321783333
            ],
            [
              116.30919712594631,
              39.98431275563259
            ],
            [
              116.30758975756193,
              39.98418684304996
            ],
            [
              116.30775407664589,
              39.98275544405855
            ]
          ]
        ]
      },
      "properties": {
        "id": "BJ-110108-0272",
        "landUseType": "transportation",
        "areaM2": 24082,
        "districtCode": "110108",
        "builtYear": 2010
      }
    },
    {
      "type": "Feature",
      "geometry": {
        "type": "Polygon",
        "coordinates": [
          [
            [
              116.29075647435758,
              39.98451626986971
            ],
            [
              116.29258398776646,
              39.9845446568247
            ],
            [
              116.29254694207695,
              39.986222566911486
            ],
            [
              116.29063298872587,
              39.98612794372817
            ],
            [
              116.29075647435758,
              39.98451626986971
            ]
          ]
        ]
      },
      "properties": {
        "id": "BJ-110108-0273",
        "landUseType": "residential",
        "areaM2": 31282,
        "districtCode": "110108",
        "builtYear": 1994
      }
    },
    {
      "type": "Feature",
      "geometry": {
        "type": "Polygon",
        "coordinates": [
          [
            [
              116.29294331017532,
              39.984453213817154
            ],
            [
              116.29525340419644,
              39.9844614323628
            ],
            [
              116.29524267878789,
              39.98620871832734
            ],
            [
              116.29290755881347,
              39.98618132317521
            ],
            [
              116.29294331017532,
              39.984453213817154
            ]
          ]
        ]
      },
      "properties": {
        "id": "BJ-110108-0274",
        "landUseType": "green",
        "areaM2": 37778,
        "districtCode": "110108",
        "builtYear": 2012
      }
    },
    {
      "type": "Feature",
      "geometry": {
        "type": "Polygon",
        "coordinates": [
          [
            [
              116.29562007229462,
              39.98447486986514
            ],
            [
              116.29750865089804,
              39.9844942309567
            ],
            [
              116.2974833841871,
              39.986144638903454
            ],
            [
              116.29553584992482,
              39.98608010193159
            ],
            [
              116.29562007229462,
              39.98447486986514
            ]
          ]
        ]
      },
      "properties": {
        "id": "BJ-110108-0275",
        "landUseType": "transportation",
        "areaM2": 30075,
        "districtCode": "110108",
        "builtYear": 1999
      }
    },
    {
      "type": "Feature",
      "geometry": {
        "type": "Polygon",
        "coordinates": [
          [
            [
              116.29775597831195,
              39.984759138250254
            ],
            [
              116.30000147481597,
              39.98476795980071
            ],
            [
              116.29998996247097,
              39.98601056361891
            ],
            [
              116.29771760382863,
              39.98598115845072
            ],
            [
              116.29775597831195,
              39.984759138250254
            ]
          ]
        ]
      },
      "properties": {
        "id": "BJ-110108-0276",
        "landUseType": "residential",
        "areaM2": 26022,
        "districtCode": "110108",
        "builtYear": 2014
      }
    },
    {
      "type": "Feature",
      "geometry": {
        "type": "Polygon",
        "coordinates": [
          [
            [
              116.29999421989258,
              39.98468761412726
            ],
            [
              116.30222860506987,
              39.98468893279756
            ],
            [
              116.302226884172,
              39.98605009348579
            ],
            [
              116.29998848356635,
              39.98604569791814
            ],
            [
              116.29999421989258,
              39.98468761412726
            ]
          ]
        ]
      },
      "properties": {
        "id": "BJ-110108-0277",
        "landUseType": "residential",
        "areaM2": 27551,
        "districtCode": "110108",
        "builtYear": 1998
      }
    },
    {
      "type": "Feature",
      "geometry": {
        "type": "Polygon",
        "coordinates": [
          [
            [
              116.30242940774096,
              39.98463660919496
            ],
            [
              116.30489835041905,
              39.98464558085803
            ],
            [
              116.30488664217333,
              39.98595037524733
            ],
            [
              116.3023903802552,
              39.985920469703764
            ],
            [
              116.30242940774096,
              39.98463660919496
            ]
          ]
        ]
      },
      "properties": {
        "id": "BJ-110108-0278",
        "landUseType": "industrial",
        "areaM2": 30881,
        "districtCode": "110108",
        "builtYear": 1990
      }
    },
    {
      "type": "Feature",
      "geometry": {
        "type": "Polygon",
        "coordinates": [
          [
            [
              116.30515493847443,
              39.98458704403978
            ],
            [
              116.30666104558516,
              39.98459542329145
            ],
            [
              116.30665011045119,
              39.98615372245974
            ],
            [
              116.30511848802789,
              39.98612579162083
            ],
            [
              116.30515493847443,
              39.98458704403978
            ]
          ]
        ]
      },
      "properties": {
        "id": "BJ-110108-0279",
        "landUseType": "industrial",
        "areaM2": 21640,
        "districtCode": "110108",
        "builtYear": 1993
      }
    },
    {
      "type": "Feature",
      "geometry": {
        "type": "Polygon",
        "coordinates": [
          [
            [
              116.30750649296122,
              39.98478509198328
            ],
            [
              116.30941462090176,
              39.98481573989612
            ],
            [
              116.30937462460545,
              39.98585762196355
            ],
            [
              116.30737317197352,
              39.98575546225407
            ],
            [
              116.30750649296122,
              39.98478509198328
            ]
          ]
        ]
      },
      "properties": {
        "id": "BJ-110108-0280",
        "landUseType": "residential",
        "areaM2": 19769,
        "districtCode": "110108",
        "builtYear": 1985
      }
    },
    {
      "type": "Feature",
      "geometry": {
        "type": "Polygon",
        "coordinates": [
          [
            [
              116.29071929538733,
              39.986223552455904
            ],
            [
              116.29268939191611,
              39.98627107101499
            ],
            [
              116.29262737900257,
              39.987926675978706
            ],
            [
              116.29051258567553,
              39.98776828078176
            ],
            [
              116.29071929538733,
              39.986223552455904
            ]
          ]
        ]
      },
      "properties": {
        "id": "BJ-110108-0281",
        "landUseType": "public",
        "areaM2": 33215,
        "districtCode": "110108",
        "builtYear": 2006
      }
    },
    {
      "type": "Feature",
      "geometry": {
        "type": "Polygon",
        "coordinates": [
          [
            [
              116.29315129304061,
              39.98623889693654
            ],
            [
              116.29514595743557,
              39.98626782724296
            ],
            [
              116.29510820265878,
              39.98793289808651
            ],
            [
              116.29302544378469,
              39.98783646373176
            ],
            [
              116.29315129304061,
              39.98623889693654
            ]
          ]
        ]
      },
      "properties": {
        "id": "BJ-110108-0282",
        "landUseType": "commercial",
        "areaM2": 32543,
        "districtCode": "110108",
        "builtYear": 2013
      }
    },
    {
      "type": "Feature",
      "geometry": {
        "type": "Polygon",
        "coordinates": [
          [
            [
              116.29575336017423,
              39.986213702793215
            ],
            [
              116.29730352120792,
              39.986236539617195
            ],
            [
              116.29727371857885,
              39.98801712131508
            ],
            [
              116.29565401807729,
              39.98794099856849
            ],
            [
              116.29575336017423,
              39.986213702793215
            ]
          ]
        ]
      },
      "properties": {
        "id": "BJ-110108-0283",
        "landUseType": "residential",
        "areaM2": 26770,
        "districtCode": "110108",
        "builtYear": 2023
      }
    },
    {
      "type": "Feature",
      "geometry": {
        "type": "Polygon",
        "coordinates": [
          [
            [
              116.29777678901804,
              39.986385680229446
            ],
            [
              116.29986887624779,
              39.986389817078724
            ],
            [
              116.29986347755553,
              39.98789559243446
            ],
            [
              116.2977587933772,
              39.98788180293686
            ],
            [
              116.29777678901804,
              39.986385680229446
            ]
          ]
        ]
      },
      "properties": {
        "id": "BJ-110108-0284",
        "landUseType": "other",
        "areaM2": 29608,
        "districtCode": "110108",
        "builtYear": 2016
      }
    },
    {
      "type": "Feature",
      "geometry": {
        "type": "Polygon",
        "coordinates": [
          [
            [
              116.3000816717228,
              39.986518029579386
            ],
            [
              116.30236805312803,
              39.98655211864683
            ],
            [
              116.30232356603851,
              39.98773648381895
            ],
            [
              116.2999333814244,
              39.98762285359415
            ],
            [
              116.3000816717228,
              39.986518029579386
            ]
          ]
        ]
      },
      "properties": {
        "id": "BJ-110108-0285",
        "landUseType": "green",
        "areaM2": 27566,
        "districtCode": "110108",
        "builtYear": 1999
      }
    },
    {
      "type": "Feature",
      "geometry": {
        "type": "Polygon",
        "coordinates": [
          [
            [
              116.30261802529745,
              39.98642144616089
            ],
            [
              116.30482033321714,
              39.98645347814826
            ],
            [
              116.30477853066878,
              39.987744475683115
            ],
            [
              116.30247868346962,
              39.987637702391865
            ],
            [
              116.30261802529745,
              39.98642144616089
            ]
          ]
        ]
      },
      "properties": {
        "id": "BJ-110108-0286",
        "landUseType": "residential",
        "areaM2": 27882,
        "districtCode": "110108",
        "builtYear": 2022
      }
    },
    {
      "type": "Feature",
      "geometry": {
        "type": "Polygon",
        "coordinates": [
          [
            [
              116.30474173459947,
              39.98631812739141
            ],
            [
              116.30713420365694,
              39.98634955803273
            ],
            [
              116.3070931858803,
              39.9879315023171
            ],
            [
              116.30460500867733,
              39.9878267335127
            ],
            [
              116.30474173459947,
              39.98631812739141
            ]
          ]
        ]
      },
      "properties": {
        "id": "BJ-110108-0287",
        "landUseType": "residential",
        "areaM2": 38296,
        "districtCode": "110108",
        "builtYear": 2019
      }
    },
    {
      "type": "Feature",
      "geometry": {
        "type": "Polygon",
        "coordinates": [
          [
            [
              116.30723495706394,
              39.98653092141668
            ],
            [
              116.30964877150669,
              39.98655047946045
            ],
            [
              116.30962324776816,
              39.98782365980564
            ],
            [
              116.30714987793552,
              39.98775846632642
            ],
            [
              116.30723495706394,
              39.98653092141668
            ]
          ]
        ]
      },
      "properties": {
        "id": "BJ-110108-0288",
        "landUseType": "other",
        "areaM2": 29852,
        "districtCode": "110108",
        "builtYear": 2009
      }
    }
  ]
}